Hospital Name,Locality,Charges,Surgery/Treatment Name,Doctor's Name,Hospital Ratings,Doctor’s Review
Kamineni Hospitals,Nellore,"₹5,00,000",Child Vaccination,Dr. Kavitha Reddy,4.4,Expert in cardiology
Andhra Hospitals,Hyderabad,"₹2,00,000",Skin Treatment,Dr. Priya Menon,4.7,Best neurologist
Aayush Hospitals,Nellore,"₹1,50,000",Appendix Surgery,Dr. Sneha Rao,4.6,Expert in cardiology
Sunshine Hospitals,Guntur,"₹1,50,000",Child Vaccination,Dr. Sneha Rao,4.8,Top gynecologist
Andhra Hospitals,Visakhapatnam,"₹5,00,000",Appendix Surgery,Dr. Meera Joshi,4.8,Best orthopedic surgeon
Apollo Hospitals,Tirupati,"₹3,00,000",Child Vaccination,Dr. Kavitha Reddy,3.6,Best orthopedic surgeon
Omni Hospitals,Guntur,"₹1,00,000",Child Vaccination,Dr. Sandeep Varma,3.9,Cardiac specialist
Omni Hospitals,Kakinada,"₹50,000",Ear Surgery,Dr. Priya Menon,4.1,Top gynecologist
Manipal Hospitals,Guntur,"₹5,00,000",Ear Surgery,Dr. Priya Menon,3.7,Experienced general surgeon
Aayush Hospitals,Nellore,"₹1,50,000",Skin Treatment,Dr. Ramesh Kumar,4.7,Best neurologist
Omni Hospitals,Guntur,"₹5,00,000",C-Section Delivery,Dr. Manish Rao,4.3,Top gynecologist
Andhra Hospitals,Kakinada,"₹50,000",Ear Surgery,Dr. Arjun Dev,4.9,ENT Specialist
Andhra Hospitals,Rajahmundry,"₹2,00,000",Knee Replacement,Dr. Priya Menon,4.6,Best neurologist
KIMS Hospitals,Hyderabad,"₹80,000",Chemotherapy,Dr. Anand Sharma,4.5,Pediatric specialist
Sunshine Hospitals,Guntur,"₹50,000",Skin Treatment,Dr. Priya Menon,4.2,Best orthopedic surgeon
Andhra Hospitals,Rajahmundry,"₹1,50,000",Chemotherapy,Dr. Anand Sharma,4.3,Experienced general surgeon
Kamineni Hospitals,Hyderabad,"₹50,000",Brain Surgery,Dr. Sandeep Varma,4,Best orthopedic surgeon
Sunshine Hospitals,Nellore,"₹50,000",Brain Surgery,Dr. Anand Sharma,4.5,Experienced general surgeon
Rainbow Hospitals,Kakinada,"₹5,00,000",Skin Treatment,Dr. Anand Sharma,4,Experienced general surgeon
Rainbow Hospitals,Kakinada,"₹2,00,000",Knee Replacement,Dr. Manish Rao,3.7,Oncology expert
Care Hospitals,Hyderabad,"₹1,00,000",Chemotherapy,Dr. Arjun Dev,4.4,ENT Specialist
Andhra Hospitals,Guntur,"₹80,000",Knee Replacement,Dr. Meera Joshi,4.3,Cardiac specialist
Aayush Hospitals,Nellore,"₹50,000",Ear Surgery,Dr. Meera Joshi,4.5,Top gynecologist
Apollo Hospitals,Kakinada,"₹1,50,000",C-Section Delivery,Dr. Priya Menon,4.6,Best neurologist
Aayush Hospitals,Vijayawada,"₹50,000",Angioplasty,Dr. Kavitha Reddy,4.6,ENT Specialist
Omni Hospitals,Tirupati,"₹3,00,000",Knee Replacement,Dr. Sneha Rao,4,Experienced general surgeon
KIMS Hospitals,Tirupati,"₹50,000",C-Section Delivery,Dr. Ramesh Kumar,3.7,Pediatric specialist
Rainbow Hospitals,Hyderabad,"₹3,00,000",Appendix Surgery,Dr. Sneha Rao,4.3,Cardiac specialist
Aayush Hospitals,Vijayawada,"₹80,000",Ear Surgery,Dr. Priya Menon,4.9,Expert in cardiology
Andhra Hospitals,Rajahmundry,"₹2,00,000",Ear Surgery,Dr. Sandeep Varma,4.2,Cardiac specialist
Rainbow Hospitals,Visakhapatnam,"₹1,00,000",Skin Treatment,Dr. Meera Joshi,4.7,Pediatric specialist
Apollo Hospitals,Tirupati,"₹80,000",Child Vaccination,Dr. Neha Sharma,4.5,Renowned dermatologist
Andhra Hospitals,Kakinada,"₹1,50,000",Child Vaccination,Dr. Sneha Rao,4.3,Oncology expert
Kamineni Hospitals,Nellore,"₹1,50,000",Skin Treatment,Dr. Manish Rao,3.9,Cardiac specialist
Kamineni Hospitals,Vijayawada,"₹1,50,000",Chemotherapy,Dr. Neha Sharma,4.5,Renowned dermatologist
Kamineni Hospitals,Kakinada,"₹1,50,000",Ear Surgery,Dr. Priya Menon,3.6,Cardiac specialist
Sunshine Hospitals,Visakhapatnam,"₹50,000",Appendix Surgery,Dr. Arjun Dev,4.2,Best neurologist
Aayush Hospitals,Visakhapatnam,"₹1,50,000",Brain Surgery,Dr. Anand Sharma,4.5,Best orthopedic surgeon
Andhra Hospitals,Tirupati,"₹2,00,000",Knee Replacement,Dr. Kavitha Reddy,4.5,Best orthopedic surgeon
KIMS Hospitals,Vijayawada,"₹80,000",Knee Replacement,Dr. Sandeep Varma,4.5,Oncology expert
Rainbow Hospitals,Nellore,"₹1,50,000",Appendix Surgery,Dr. Anand Sharma,4.4,Cardiac specialist
Rainbow Hospitals,Guntur,"₹50,000",Appendix Surgery,Dr. Sandeep Varma,3.5,Cardiac specialist
Aayush Hospitals,Kakinada,"₹2,00,000",Angioplasty,Dr. Kavitha Reddy,4,Oncology expert
Manipal Hospitals,Kakinada,"₹80,000",Appendix Surgery,Dr. Sneha Rao,3.9,Best orthopedic surgeon
Omni Hospitals,Vijayawada,"₹1,50,000",Ear Surgery,Dr. Sandeep Varma,3.7,Oncology expert
Andhra Hospitals,Hyderabad,"₹3,00,000",Appendix Surgery,Dr. Meera Joshi,3.6,Oncology expert
Aayush Hospitals,Vijayawada,"₹1,00,000",Child Vaccination,Dr. Sandeep Varma,3.6,Pediatric specialist
Rainbow Hospitals,Kakinada,"₹1,00,000",Appendix Surgery,Dr. Sneha Rao,3.8,ENT Specialist
Omni Hospitals,Tirupati,"₹50,000",Heart Bypass Surgery,Dr. Ramesh Kumar,4.3,ENT Specialist
Rainbow Hospitals,Kakinada,"₹2,00,000",Skin Treatment,Dr. Sneha Rao,3.8,Expert in cardiology
Aayush Hospitals,Tirupati,"₹50,000",Skin Treatment,Dr. Anand Sharma,4.7,Expert in cardiology
Omni Hospitals,Tirupati,"₹1,50,000",Child Vaccination,Dr. Sandeep Varma,4.3,Best neurologist
Omni Hospitals,Kakinada,"₹50,000",Chemotherapy,Dr. Ramesh Kumar,4.5,Best neurologist
KIMS Hospitals,Visakhapatnam,"₹3,00,000",Chemotherapy,Dr. Neha Sharma,3.9,Renowned dermatologist
Aayush Hospitals,Guntur,"₹2,00,000",Appendix Surgery,Dr. Kavitha Reddy,4,Top gynecologist
Andhra Hospitals,Visakhapatnam,"₹50,000",Ear Surgery,Dr. Arjun Dev,3.5,Expert in cardiology
Apollo Hospitals,Nellore,"₹1,00,000",Chemotherapy,Dr. Arjun Dev,4.5,Experienced general surgeon
Care Hospitals,Nellore,"₹50,000",Child Vaccination,Dr. Arjun Dev,4.2,Experienced general surgeon
Kamineni Hospitals,Guntur,"₹50,000",Brain Surgery,Dr. Sneha Rao,4.2,Renowned dermatologist
Kamineni Hospitals,Kakinada,"₹1,00,000",Heart Bypass Surgery,Dr. Meera Joshi,3.9,Pediatric specialist
Care Hospitals,Nellore,"₹1,50,000",Skin Treatment,Dr. Arjun Dev,5,Renowned dermatologist
Aayush Hospitals,Guntur,"₹5,00,000",Chemotherapy,Dr. Meera Joshi,4.9,Top gynecologist
Rainbow Hospitals,Vijayawada,"₹5,00,000",Ear Surgery,Dr. Manish Rao,3.7,Best orthopedic surgeon
Kamineni Hospitals,Rajahmundry,"₹5,00,000",Child Vaccination,Dr. Sandeep Varma,4.1,Top gynecologist
Kamineni Hospitals,Rajahmundry,"₹2,00,000",Child Vaccination,Dr. Neha Sharma,4.1,Oncology expert
Rainbow Hospitals,Vijayawada,"₹50,000",Child Vaccination,Dr. Kavitha Reddy,4.8,Expert in cardiology
Apollo Hospitals,Rajahmundry,"₹80,000",Brain Surgery,Dr. Kavitha Reddy,4.6,Expert in cardiology
Rainbow Hospitals,Guntur,"₹2,00,000",Chemotherapy,Dr. Sandeep Varma,4.7,Oncology expert
Andhra Hospitals,Visakhapatnam,"₹50,000",Chemotherapy,Dr. Ramesh Kumar,4.3,Pediatric specialist
KIMS Hospitals,Visakhapatnam,"₹2,00,000",Appendix Surgery,Dr. Sneha Rao,3.9,ENT Specialist
Rainbow Hospitals,Nellore,"₹50,000",Appendix Surgery,Dr. Priya Menon,5,Best orthopedic surgeon
Kamineni Hospitals,Nellore,"₹1,00,000",Appendix Surgery,Dr. Ramesh Kumar,4.1,Cardiac specialist
Omni Hospitals,Rajahmundry,"₹1,00,000",Appendix Surgery,Dr. Sandeep Varma,4.9,Pediatric specialist
Omni Hospitals,Hyderabad,"₹1,00,000",Appendix Surgery,Dr. Priya Menon,3.5,Pediatric specialist
Andhra Hospitals,Tirupati,"₹1,50,000",Child Vaccination,Dr. Manish Rao,4.7,Top gynecologist
Andhra Hospitals,Vijayawada,"₹3,00,000",Ear Surgery,Dr. Meera Joshi,4.6,Oncology expert
Sunshine Hospitals,Nellore,"₹2,00,000",Heart Bypass Surgery,Dr. Neha Sharma,4.5,Best neurologist
Sunshine Hospitals,Tirupati,"₹50,000",Heart Bypass Surgery,Dr. Meera Joshi,5,Best orthopedic surgeon
Care Hospitals,Vijayawada,"₹1,00,000",Child Vaccination,Dr. Kavitha Reddy,4.7,ENT Specialist
Kamineni Hospitals,Guntur,"₹2,00,000",Brain Surgery,Dr. Arjun Dev,4.9,Best orthopedic surgeon
Andhra Hospitals,Visakhapatnam,"₹3,00,000",Chemotherapy,Dr. Ramesh Kumar,4.4,Expert in cardiology
Care Hospitals,Hyderabad,"₹1,50,000",Angioplasty,Dr. Meera Joshi,4.5,Pediatric specialist
Care Hospitals,Visakhapatnam,"₹1,00,000",Angioplasty,Dr. Meera Joshi,3.6,Pediatric specialist
Rainbow Hospitals,Tirupati,"₹3,00,000",Heart Bypass Surgery,Dr. Meera Joshi,3.7,Renowned dermatologist
Rainbow Hospitals,Visakhapatnam,"₹50,000",Angioplasty,Dr. Meera Joshi,4.9,Top gynecologist
Apollo Hospitals,Vijayawada,"₹50,000",Appendix Surgery,Dr. Meera Joshi,4.7,ENT Specialist
Sunshine Hospitals,Guntur,"₹3,00,000",C-Section Delivery,Dr. Anand Sharma,4.5,ENT Specialist
Kamineni Hospitals,Rajahmundry,"₹3,00,000",C-Section Delivery,Dr. Anand Sharma,4.7,Cardiac specialist
Omni Hospitals,Rajahmundry,"₹50,000",Ear Surgery,Dr. Ramesh Kumar,4.1,Top gynecologist
Apollo Hospitals,Kakinada,"₹1,00,000",Brain Surgery,Dr. Arjun Dev,3.8,Best orthopedic surgeon
Apollo Hospitals,Hyderabad,"₹5,00,000",Appendix Surgery,Dr. Arjun Dev,3.8,Renowned dermatologist
Omni Hospitals,Nellore,"₹1,50,000",Appendix Surgery,Dr. Neha Sharma,4.6,Best orthopedic surgeon
Care Hospitals,Guntur,"₹1,00,000",Knee Replacement,Dr. Sandeep Varma,4.8,Pediatric specialist
Omni Hospitals,Vijayawada,"₹50,000",Angioplasty,Dr. Meera Joshi,4.6,Cardiac specialist
Kamineni Hospitals,Visakhapatnam,"₹80,000",C-Section Delivery,Dr. Priya Menon,4.9,Oncology expert
Omni Hospitals,Guntur,"₹3,00,000",Child Vaccination,Dr. Arjun Dev,4.8,Expert in cardiology
Kamineni Hospitals,Visakhapatnam,"₹1,50,000",Knee Replacement,Dr. Meera Joshi,4.7,Top gynecologist
Rainbow Hospitals,Hyderabad,"₹5,00,000",Brain Surgery,Dr. Sneha Rao,4.4,Oncology expert
Omni Hospitals,Hyderabad,"₹80,000",Brain Surgery,Dr. Priya Menon,3.7,Renowned dermatologist
Andhra Hospitals,Kakinada,"₹5,00,000",Heart Bypass Surgery,Dr. Arjun Dev,3.6,Experienced general surgeon
Andhra Hospitals,Vijayawada,"₹3,00,000",Brain Surgery,Dr. Neha Sharma,4.3,Best orthopedic surgeon
Care Hospitals,Kakinada,"₹2,00,000",Brain Surgery,Dr. Neha Sharma,4.1,Best neurologist
Aayush Hospitals,Visakhapatnam,"₹3,00,000",Ear Surgery,Dr. Ramesh Kumar,4.5,Cardiac specialist
Omni Hospitals,Rajahmundry,"₹1,00,000",C-Section Delivery,Dr. Sneha Rao,4.2,Cardiac specialist
Andhra Hospitals,Nellore,"₹1,50,000",Skin Treatment,Dr. Arjun Dev,3.7,Cardiac specialist
Rainbow Hospitals,Vijayawada,"₹5,00,000",C-Section Delivery,Dr. Sneha Rao,4.1,Best neurologist
Kamineni Hospitals,Hyderabad,"₹2,00,000",C-Section Delivery,Dr. Sandeep Varma,4.7,Renowned dermatologist
Apollo Hospitals,Kakinada,"₹50,000",Heart Bypass Surgery,Dr. Kavitha Reddy,3.9,ENT Specialist
Kamineni Hospitals,Tirupati,"₹1,00,000",Brain Surgery,Dr. Meera Joshi,4.2,Renowned dermatologist
Care Hospitals,Hyderabad,"₹2,00,000",Heart Bypass Surgery,Dr. Priya Menon,4.4,Best orthopedic surgeon
Care Hospitals,Rajahmundry,"₹3,00,000",Heart Bypass Surgery,Dr. Priya Menon,3.6,Pediatric specialist
Kamineni Hospitals,Rajahmundry,"₹3,00,000",Child Vaccination,Dr. Priya Menon,5,Pediatric specialist
Rainbow Hospitals,Kakinada,"₹5,00,000",Chemotherapy,Dr. Priya Menon,3.5,ENT Specialist
KIMS Hospitals,Guntur,"₹1,50,000",Chemotherapy,Dr. Neha Sharma,3.9,ENT Specialist
Andhra Hospitals,Nellore,"₹2,00,000",Angioplasty,Dr. Meera Joshi,3.6,Best neurologist
Rainbow Hospitals,Nellore,"₹2,00,000",Knee Replacement,Dr. Neha Sharma,5,Best neurologist
Kamineni Hospitals,Visakhapatnam,"₹5,00,000",Heart Bypass Surgery,Dr. Neha Sharma,4.6,Renowned dermatologist
Rainbow Hospitals,Guntur,"₹1,50,000",Ear Surgery,Dr. Anand Sharma,3.5,Pediatric specialist
Omni Hospitals,Rajahmundry,"₹5,00,000",Brain Surgery,Dr. Priya Menon,4,Best neurologist
Aayush Hospitals,Visakhapatnam,"₹80,000",Angioplasty,Dr. Meera Joshi,3.5,Best neurologist
Manipal Hospitals,Nellore,"₹5,00,000",Skin Treatment,Dr. Manish Rao,4.6,Expert in cardiology
Aayush Hospitals,Hyderabad,"₹3,00,000",Brain Surgery,Dr. Meera Joshi,4.1,Best orthopedic surgeon
Sunshine Hospitals,Vijayawada,"₹1,50,000",Child Vaccination,Dr. Anand Sharma,4.4,ENT Specialist
Aayush Hospitals,Hyderabad,"₹1,50,000",Brain Surgery,Dr. Neha Sharma,4,Cardiac specialist
Andhra Hospitals,Tirupati,"₹1,50,000",Child Vaccination,Dr. Sneha Rao,4.4,Pediatric specialist
Rainbow Hospitals,Rajahmundry,"₹3,00,000",Heart Bypass Surgery,Dr. Sandeep Varma,4.4,Cardiac specialist
Kamineni Hospitals,Nellore,"₹5,00,000",Chemotherapy,Dr. Arjun Dev,4.1,Renowned dermatologist
Kamineni Hospitals,Hyderabad,"₹1,00,000",Angioplasty,Dr. Sneha Rao,4.1,Renowned dermatologist
Aayush Hospitals,Nellore,"₹2,00,000",Knee Replacement,Dr. Anand Sharma,4.8,Oncology expert
Aayush Hospitals,Nellore,"₹50,000",Ear Surgery,Dr. Ramesh Kumar,4.6,ENT Specialist
Aayush Hospitals,Guntur,"₹3,00,000",Knee Replacement,Dr. Anand Sharma,4.3,Oncology expert
Rainbow Hospitals,Rajahmundry,"₹5,00,000",Knee Replacement,Dr. Sandeep Varma,3.7,Best orthopedic surgeon
Andhra Hospitals,Nellore,"₹2,00,000",Brain Surgery,Dr. Kavitha Reddy,4.5,ENT Specialist
Rainbow Hospitals,Vijayawada,"₹2,00,000",Brain Surgery,Dr. Neha Sharma,4.1,Expert in cardiology
Care Hospitals,Tirupati,"₹1,00,000",Child Vaccination,Dr. Manish Rao,4,Pediatric specialist
KIMS Hospitals,Kakinada,"₹80,000",Heart Bypass Surgery,Dr. Ramesh Kumar,4.1,Cardiac specialist
KIMS Hospitals,Visakhapatnam,"₹1,50,000",Knee Replacement,Dr. Priya Menon,4.1,Pediatric specialist
KIMS Hospitals,Rajahmundry,"₹3,00,000",C-Section Delivery,Dr. Neha Sharma,4.6,Oncology expert
Andhra Hospitals,Visakhapatnam,"₹80,000",Brain Surgery,Dr. Neha Sharma,3.9,Top gynecologist
Aayush Hospitals,Tirupati,"₹2,00,000",Child Vaccination,Dr. Arjun Dev,4.4,Oncology expert
Kamineni Hospitals,Vijayawada,"₹1,50,000",Child Vaccination,Dr. Kavitha Reddy,4.7,ENT Specialist
Sunshine Hospitals,Nellore,"₹2,00,000",Brain Surgery,Dr. Arjun Dev,4.5,Pediatric specialist
Manipal Hospitals,Visakhapatnam,"₹50,000",Skin Treatment,Dr. Priya Menon,4.8,Top gynecologist
Andhra Hospitals,Nellore,"₹3,00,000",Brain Surgery,Dr. Priya Menon,3.6,Top gynecologist
Manipal Hospitals,Guntur,"₹5,00,000",Child Vaccination,Dr. Kavitha Reddy,3.9,Expert in cardiology
Andhra Hospitals,Tirupati,"₹3,00,000",Child Vaccination,Dr. Kavitha Reddy,4.8,Renowned dermatologist
Care Hospitals,Vijayawada,"₹5,00,000",Child Vaccination,Dr. Arjun Dev,3.9,Top gynecologist
Care Hospitals,Kakinada,"₹80,000",Child Vaccination,Dr. Ramesh Kumar,4.8,Top gynecologist
Kamineni Hospitals,Kakinada,"₹3,00,000",Knee Replacement,Dr. Sneha Rao,5,Oncology expert
KIMS Hospitals,Kakinada,"₹1,00,000",Brain Surgery,Dr. Manish Rao,4.1,ENT Specialist
Rainbow Hospitals,Visakhapatnam,"₹50,000",Child Vaccination,Dr. Arjun Dev,4.7,Experienced general surgeon
Care Hospitals,Kakinada,"₹1,00,000",Heart Bypass Surgery,Dr. Sneha Rao,3.8,Renowned dermatologist
KIMS Hospitals,Rajahmundry,"₹5,00,000",Ear Surgery,Dr. Meera Joshi,4.5,Best neurologist
Apollo Hospitals,Visakhapatnam,"₹2,00,000",Chemotherapy,Dr. Sneha Rao,4.9,Best neurologist
Apollo Hospitals,Nellore,"₹1,50,000",Chemotherapy,Dr. Sandeep Varma,4.6,Pediatric specialist
Kamineni Hospitals,Tirupati,"₹5,00,000",Child Vaccination,Dr. Manish Rao,3.5,ENT Specialist
KIMS Hospitals,Guntur,"₹3,00,000",Knee Replacement,Dr. Manish Rao,4.3,Oncology expert
Andhra Hospitals,Kakinada,"₹1,00,000",Child Vaccination,Dr. Sneha Rao,3.9,Top gynecologist
Andhra Hospitals,Hyderabad,"₹50,000",Ear Surgery,Dr. Sandeep Varma,3.8,Oncology expert
KIMS Hospitals,Rajahmundry,"₹1,50,000",Brain Surgery,Dr. Priya Menon,4.6,Best neurologist
Apollo Hospitals,Kakinada,"₹80,000",Heart Bypass Surgery,Dr. Manish Rao,4,Cardiac specialist
Omni Hospitals,Rajahmundry,"₹80,000",Chemotherapy,Dr. Neha Sharma,4.1,Cardiac specialist
Andhra Hospitals,Tirupati,"₹5,00,000",Knee Replacement,Dr. Priya Menon,3.8,Pediatric specialist
Rainbow Hospitals,Hyderabad,"₹5,00,000",Chemotherapy,Dr. Neha Sharma,3.9,Best orthopedic surgeon
Omni Hospitals,Guntur,"₹2,00,000",Appendix Surgery,Dr. Anand Sharma,4.8,Renowned dermatologist
Andhra Hospitals,Kakinada,"₹1,50,000",Skin Treatment,Dr. Neha Sharma,3.6,Pediatric specialist
Aayush Hospitals,Hyderabad,"₹3,00,000",Skin Treatment,Dr. Meera Joshi,4.5,Oncology expert
Manipal Hospitals,Visakhapatnam,"₹1,50,000",Ear Surgery,Dr. Sneha Rao,4.6,Experienced general surgeon
Apollo Hospitals,Guntur,"₹80,000",Appendix Surgery,Dr. Priya Menon,4.2,Oncology expert
Aayush Hospitals,Nellore,"₹1,50,000",Skin Treatment,Dr. Kavitha Reddy,4.2,Pediatric specialist
Omni Hospitals,Tirupati,"₹3,00,000",Ear Surgery,Dr. Sandeep Varma,4.6,Expert in cardiology
Aayush Hospitals,Kakinada,"₹3,00,000",Brain Surgery,Dr. Sandeep Varma,3.8,Top gynecologist
Sunshine Hospitals,Vijayawada,"₹1,50,000",Appendix Surgery,Dr. Priya Menon,3.9,Renowned dermatologist
Care Hospitals,Rajahmundry,"₹80,000",Child Vaccination,Dr. Ramesh Kumar,4.7,Experienced general surgeon
Kamineni Hospitals,Kakinada,"₹3,00,000",Heart Bypass Surgery,Dr. Priya Menon,4.3,ENT Specialist
Aayush Hospitals,Tirupati,"₹1,50,000",Ear Surgery,Dr. Sneha Rao,4.5,Cardiac specialist
Manipal Hospitals,Guntur,"₹1,50,000",Child Vaccination,Dr. Arjun Dev,4.3,Pediatric specialist
KIMS Hospitals,Kakinada,"₹50,000",Ear Surgery,Dr. Anand Sharma,4.6,Pediatric specialist
Omni Hospitals,Vijayawada,"₹2,00,000",Chemotherapy,Dr. Manish Rao,4.8,Pediatric specialist
Omni Hospitals,Guntur,"₹50,000",Angioplasty,Dr. Manish Rao,4.9,Expert in cardiology
Andhra Hospitals,Visakhapatnam,"₹5,00,000",Knee Replacement,Dr. Manish Rao,4.6,Renowned dermatologist
Apollo Hospitals,Vijayawada,"₹3,00,000",Ear Surgery,Dr. Neha Sharma,4.5,Best orthopedic surgeon
Rainbow Hospitals,Kakinada,"₹5,00,000",Child Vaccination,Dr. Arjun Dev,3.9,Best neurologist
Sunshine Hospitals,Visakhapatnam,"₹2,00,000",Brain Surgery,Dr. Priya Menon,4.8,Top gynecologist
Andhra Hospitals,Kakinada,"₹3,00,000",Ear Surgery,Dr. Anand Sharma,3.6,Experienced general surgeon
Apollo Hospitals,Vijayawada,"₹5,00,000",Brain Surgery,Dr. Kavitha Reddy,4.8,ENT Specialist
Care Hospitals,Rajahmundry,"₹80,000",Child Vaccination,Dr. Meera Joshi,3.6,Renowned dermatologist
KIMS Hospitals,Tirupati,"₹80,000",Brain Surgery,Dr. Sneha Rao,4.9,Experienced general surgeon
Care Hospitals,Tirupati,"₹80,000",Brain Surgery,Dr. Sandeep Varma,3.8,Experienced general surgeon
Apollo Hospitals,Vijayawada,"₹2,00,000",Appendix Surgery,Dr. Sandeep Varma,4.3,ENT Specialist
Kamineni Hospitals,Guntur,"₹1,50,000",Child Vaccination,Dr. Neha Sharma,5,Renowned dermatologist
KIMS Hospitals,Guntur,"₹50,000",Angioplasty,Dr. Sneha Rao,3.5,Best orthopedic surgeon
Aayush Hospitals,Tirupati,"₹50,000",Angioplasty,Dr. Ramesh Kumar,4.6,Pediatric specialist
Kamineni Hospitals,Nellore,"₹2,00,000",Ear Surgery,Dr. Sneha Rao,4.9,Best neurologist
Sunshine Hospitals,Nellore,"₹80,000",Knee Replacement,Dr. Meera Joshi,4.2,Best orthopedic surgeon
Sunshine Hospitals,Tirupati,"₹50,000",Skin Treatment,Dr. Sneha Rao,4.5,Pediatric specialist
Apollo Hospitals,Kakinada,"₹2,00,000",Skin Treatment,Dr. Manish Rao,4.8,Oncology expert
Apollo Hospitals,Vijayawada,"₹1,00,000",Child Vaccination,Dr. Priya Menon,3.7,Pediatric specialist
Care Hospitals,Hyderabad,"₹80,000",Child Vaccination,Dr. Kavitha Reddy,4.5,Experienced general surgeon
Sunshine Hospitals,Nellore,"₹2,00,000",Ear Surgery,Dr. Anand Sharma,4.6,Renowned dermatologist
Andhra Hospitals,Visakhapatnam,"₹1,00,000",Ear Surgery,Dr. Kavitha Reddy,4.3,ENT Specialist
Andhra Hospitals,Hyderabad,"₹5,00,000",Chemotherapy,Dr. Ramesh Kumar,3.6,Expert in cardiology
Sunshine Hospitals,Nellore,"₹1,50,000",C-Section Delivery,Dr. Priya Menon,4.3,Cardiac specialist
Andhra Hospitals,Kakinada,"₹2,00,000",Brain Surgery,Dr. Priya Menon,4.6,Best neurologist
Manipal Hospitals,Rajahmundry,"₹3,00,000",Angioplasty,Dr. Kavitha Reddy,4.6,Renowned dermatologist
KIMS Hospitals,Vijayawada,"₹3,00,000",Chemotherapy,Dr. Neha Sharma,3.6,Top gynecologist
Aayush Hospitals,Kakinada,"₹50,000",Child Vaccination,Dr. Priya Menon,3.6,Experienced general surgeon
Omni Hospitals,Rajahmundry,"₹3,00,000",Appendix Surgery,Dr. Priya Menon,3.9,Oncology expert
Aayush Hospitals,Vijayawada,"₹2,00,000",Knee Replacement,Dr. Priya Menon,3.8,Oncology expert
Andhra Hospitals,Vijayawada,"₹1,00,000",Angioplasty,Dr. Neha Sharma,4.3,ENT Specialist
Omni Hospitals,Nellore,"₹5,00,000",C-Section Delivery,Dr. Ramesh Kumar,5,Expert in cardiology
Aayush Hospitals,Hyderabad,"₹5,00,000",C-Section Delivery,Dr. Anand Sharma,4,Best neurologist
Kamineni Hospitals,Hyderabad,"₹50,000",Skin Treatment,Dr. Anand Sharma,3.8,Oncology expert
Manipal Hospitals,Tirupati,"₹3,00,000",Heart Bypass Surgery,Dr. Manish Rao,4.8,Best orthopedic surgeon
Aayush Hospitals,Guntur,"₹50,000",Child Vaccination,Dr. Arjun Dev,4.1,Expert in cardiology
Rainbow Hospitals,Visakhapatnam,"₹2,00,000",Heart Bypass Surgery,Dr. Sandeep Varma,3.8,Cardiac specialist
Aayush Hospitals,Vijayawada,"₹50,000",Angioplasty,Dr. Kavitha Reddy,4.3,Experienced general surgeon
Apollo Hospitals,Rajahmundry,"₹50,000",Angioplasty,Dr. Sneha Rao,3.9,Best neurologist
Care Hospitals,Guntur,"₹80,000",Heart Bypass Surgery,Dr. Manish Rao,4.7,Best neurologist
Sunshine Hospitals,Hyderabad,"₹2,00,000",Heart Bypass Surgery,Dr. Sandeep Varma,5,ENT Specialist
Rainbow Hospitals,Visakhapatnam,"₹1,00,000",Appendix Surgery,Dr. Anand Sharma,4.9,Cardiac specialist
Rainbow Hospitals,Nellore,"₹80,000",Appendix Surgery,Dr. Anand Sharma,4.8,Pediatric specialist
Care Hospitals,Tirupati,"₹1,50,000",Appendix Surgery,Dr. Anand Sharma,3.5,Experienced general surgeon
Aayush Hospitals,Hyderabad,"₹5,00,000",C-Section Delivery,Dr. Kavitha Reddy,3.6,Best orthopedic surgeon
Manipal Hospitals,Hyderabad,"₹1,00,000",Chemotherapy,Dr. Arjun Dev,4.8,Expert in cardiology
Apollo Hospitals,Guntur,"₹80,000",Chemotherapy,Dr. Priya Menon,4.5,Cardiac specialist
Rainbow Hospitals,Tirupati,"₹3,00,000",Knee Replacement,Dr. Anand Sharma,4.7,Experienced general surgeon
Care Hospitals,Hyderabad,"₹2,00,000",Heart Bypass Surgery,Dr. Arjun Dev,3.8,ENT Specialist
Care Hospitals,Nellore,"₹50,000",Ear Surgery,Dr. Priya Menon,4.4,Oncology expert
Omni Hospitals,Vijayawada,"₹1,00,000",Skin Treatment,Dr. Manish Rao,3.9,Renowned dermatologist
Andhra Hospitals,Guntur,"₹1,00,000",Skin Treatment,Dr. Manish Rao,3.7,Renowned dermatologist
Sunshine Hospitals,Hyderabad,"₹80,000",Angioplasty,Dr. Neha Sharma,4.8,Pediatric specialist
Rainbow Hospitals,Tirupati,"₹3,00,000",Angioplasty,Dr. Priya Menon,3.6,Oncology expert
Kamineni Hospitals,Hyderabad,"₹1,50,000",Chemotherapy,Dr. Neha Sharma,3.9,Top gynecologist
Andhra Hospitals,Kakinada,"₹3,00,000",Appendix Surgery,Dr. Sandeep Varma,4.3,Oncology expert
Care Hospitals,Kakinada,"₹2,00,000",Heart Bypass Surgery,Dr. Manish Rao,4.4,Pediatric specialist
Apollo Hospitals,Kakinada,"₹50,000",Skin Treatment,Dr. Meera Joshi,3.6,Pediatric specialist
Omni Hospitals,Visakhapatnam,"₹1,50,000",Chemotherapy,Dr. Neha Sharma,3.6,Experienced general surgeon
Andhra Hospitals,Hyderabad,"₹5,00,000",Ear Surgery,Dr. Manish Rao,3.6,Top gynecologist
Omni Hospitals,Kakinada,"₹1,00,000",C-Section Delivery,Dr. Arjun Dev,3.7,Renowned dermatologist
Apollo Hospitals,Rajahmundry,"₹5,00,000",C-Section Delivery,Dr. Priya Menon,3.8,Top gynecologist
Aayush Hospitals,Vijayawada,"₹50,000",Brain Surgery,Dr. Ramesh Kumar,4.8,Renowned dermatologist
Sunshine Hospitals,Visakhapatnam,"₹3,00,000",Angioplasty,Dr. Anand Sharma,4.6,Pediatric specialist
Manipal Hospitals,Visakhapatnam,"₹80,000",C-Section Delivery,Dr. Manish Rao,4.7,Pediatric specialist
Andhra Hospitals,Tirupati,"₹1,00,000",Ear Surgery,Dr. Ramesh Kumar,4.2,Pediatric specialist
Aayush Hospitals,Visakhapatnam,"₹1,00,000",Child Vaccination,Dr. Meera Joshi,4.5,Best orthopedic surgeon
Kamineni Hospitals,Nellore,"₹2,00,000",Brain Surgery,Dr. Ramesh Kumar,4.2,Experienced general surgeon
KIMS Hospitals,Guntur,"₹3,00,000",Child Vaccination,Dr. Priya Menon,3.9,Oncology expert
Apollo Hospitals,Kakinada,"₹2,00,000",C-Section Delivery,Dr. Kavitha Reddy,4,Renowned dermatologist
KIMS Hospitals,Rajahmundry,"₹80,000",Ear Surgery,Dr. Sandeep Varma,4.2,ENT Specialist
Omni Hospitals,Rajahmundry,"₹1,00,000",Heart Bypass Surgery,Dr. Meera Joshi,4.1,Best orthopedic surgeon
Rainbow Hospitals,Hyderabad,"₹1,50,000",Heart Bypass Surgery,Dr. Ramesh Kumar,4.1,Cardiac specialist
Sunshine Hospitals,Vijayawada,"₹1,50,000",C-Section Delivery,Dr. Kavitha Reddy,3.8,ENT Specialist
Andhra Hospitals,Vijayawada,"₹2,00,000",Angioplasty,Dr. Sneha Rao,4.4,Best orthopedic surgeon
Aayush Hospitals,Visakhapatnam,"₹1,00,000",Chemotherapy,Dr. Manish Rao,4.9,Expert in cardiology
Omni Hospitals,Visakhapatnam,"₹1,50,000",Appendix Surgery,Dr. Kavitha Reddy,3.9,Pediatric specialist
KIMS Hospitals,Hyderabad,"₹3,00,000",Heart Bypass Surgery,Dr. Ramesh Kumar,3.8,Oncology expert
Manipal Hospitals,Rajahmundry,"₹5,00,000",Heart Bypass Surgery,Dr. Meera Joshi,4.2,Best orthopedic surgeon
Aayush Hospitals,Vijayawada,"₹5,00,000",Heart Bypass Surgery,Dr. Sandeep Varma,4.5,Top gynecologist
Omni Hospitals,Nellore,"₹5,00,000",Chemotherapy,Dr. Arjun Dev,4.1,Pediatric specialist
Apollo Hospitals,Tirupati,"₹50,000",Appendix Surgery,Dr. Ramesh Kumar,4.4,Cardiac specialist
Manipal Hospitals,Vijayawada,"₹2,00,000",Ear Surgery,Dr. Kavitha Reddy,4.4,Expert in cardiology
Apollo Hospitals,Kakinada,"₹1,00,000",Chemotherapy,Dr. Manish Rao,4.6,Oncology expert
Aayush Hospitals,Tirupati,"₹1,00,000",Angioplasty,Dr. Kavitha Reddy,4.9,Oncology expert
Manipal Hospitals,Rajahmundry,"₹80,000",Skin Treatment,Dr. Anand Sharma,4,Renowned dermatologist
Care Hospitals,Hyderabad,"₹2,00,000",C-Section Delivery,Dr. Priya Menon,4.5,Best orthopedic surgeon
Care Hospitals,Tirupati,"₹3,00,000",Brain Surgery,Dr. Neha Sharma,3.8,Pediatric specialist
Manipal Hospitals,Nellore,"₹3,00,000",Angioplasty,Dr. Sneha Rao,3.5,Experienced general surgeon
Kamineni Hospitals,Rajahmundry,"₹1,50,000",Angioplasty,Dr. Arjun Dev,4.7,Experienced general surgeon
Kamineni Hospitals,Hyderabad,"₹1,50,000",Ear Surgery,Dr. Meera Joshi,3.5,Best orthopedic surgeon
Manipal Hospitals,Guntur,"₹1,50,000",Appendix Surgery,Dr. Sneha Rao,4.1,Renowned dermatologist
Care Hospitals,Visakhapatnam,"₹1,50,000",Skin Treatment,Dr. Neha Sharma,4.9,Pediatric specialist
Andhra Hospitals,Vijayawada,"₹1,00,000",Child Vaccination,Dr. Meera Joshi,4.5,Best neurologist
Omni Hospitals,Guntur,"₹50,000",Brain Surgery,Dr. Meera Joshi,4.5,ENT Specialist
Omni Hospitals,Rajahmundry,"₹1,50,000",Chemotherapy,Dr. Sneha Rao,3.8,Top gynecologist
Manipal Hospitals,Tirupati,"₹5,00,000",Heart Bypass Surgery,Dr. Sandeep Varma,4.2,Oncology expert
Kamineni Hospitals,Hyderabad,"₹3,00,000",Appendix Surgery,Dr. Anand Sharma,4.2,Expert in cardiology
Omni Hospitals,Vijayawada,"₹1,00,000",Angioplasty,Dr. Arjun Dev,3.8,Expert in cardiology
Omni Hospitals,Nellore,"₹3,00,000",Brain Surgery,Dr. Anand Sharma,4.8,Cardiac specialist
Manipal Hospitals,Visakhapatnam,"₹3,00,000",Knee Replacement,Dr. Neha Sharma,4.7,Renowned dermatologist
Aayush Hospitals,Nellore,"₹50,000",Heart Bypass Surgery,Dr. Sneha Rao,3.7,Oncology expert
KIMS Hospitals,Guntur,"₹3,00,000",Child Vaccination,Dr. Neha Sharma,4.9,Pediatric specialist
Omni Hospitals,Kakinada,"₹80,000",Skin Treatment,Dr. Sneha Rao,4.9,Expert in cardiology
Andhra Hospitals,Tirupati,"₹5,00,000",C-Section Delivery,Dr. Manish Rao,5,Expert in cardiology
Andhra Hospitals,Nellore,"₹5,00,000",Child Vaccination,Dr. Neha Sharma,4.8,Pediatric specialist
Sunshine Hospitals,Kakinada,"₹50,000",Knee Replacement,Dr. Meera Joshi,4.8,Cardiac specialist
Kamineni Hospitals,Visakhapatnam,"₹1,50,000",Ear Surgery,Dr. Sandeep Varma,4.7,Cardiac specialist
Aayush Hospitals,Hyderabad,"₹5,00,000",Chemotherapy,Dr. Arjun Dev,4.8,Pediatric specialist
Kamineni Hospitals,Nellore,"₹80,000",Angioplasty,Dr. Priya Menon,3.9,Cardiac specialist
Apollo Hospitals,Visakhapatnam,"₹2,00,000",Knee Replacement,Dr. Anand Sharma,4.1,Best neurologist
Apollo Hospitals,Guntur,"₹80,000",Knee Replacement,Dr. Sandeep Varma,3.8,Experienced general surgeon
KIMS Hospitals,Guntur,"₹50,000",Skin Treatment,Dr. Kavitha Reddy,3.7,Best neurologist
Kamineni Hospitals,Tirupati,"₹80,000",Appendix Surgery,Dr. Kavitha Reddy,4.3,Expert in cardiology
Manipal Hospitals,Guntur,"₹3,00,000",Brain Surgery,Dr. Ramesh Kumar,4,Top gynecologist
Andhra Hospitals,Kakinada,"₹5,00,000",Knee Replacement,Dr. Manish Rao,4.5,Best orthopedic surgeon
Sunshine Hospitals,Visakhapatnam,"₹1,50,000",Brain Surgery,Dr. Neha Sharma,4.7,Cardiac specialist
Kamineni Hospitals,Vijayawada,"₹3,00,000",Child Vaccination,Dr. Neha Sharma,4.2,Cardiac specialist
Manipal Hospitals,Vijayawada,"₹2,00,000",Brain Surgery,Dr. Sneha Rao,4.2,Best neurologist
Andhra Hospitals,Nellore,"₹1,00,000",C-Section Delivery,Dr. Meera Joshi,4.2,ENT Specialist
KIMS Hospitals,Tirupati,"₹2,00,000",Chemotherapy,Dr. Meera Joshi,4,Top gynecologist
Sunshine Hospitals,Hyderabad,"₹3,00,000",Angioplasty,Dr. Neha Sharma,4.3,Expert in cardiology
Manipal Hospitals,Visakhapatnam,"₹1,00,000",Ear Surgery,Dr. Neha Sharma,4.3,Top gynecologist
Omni Hospitals,Nellore,"₹80,000",Child Vaccination,Dr. Priya Menon,3.5,Expert in cardiology
Aayush Hospitals,Vijayawada,"₹50,000",Ear Surgery,Dr. Sneha Rao,4.6,Expert in cardiology
Sunshine Hospitals,Rajahmundry,"₹80,000",Knee Replacement,Dr. Priya Menon,4.2,Best orthopedic surgeon
Omni Hospitals,Visakhapatnam,"₹1,50,000",Knee Replacement,Dr. Meera Joshi,5,Oncology expert
Care Hospitals,Rajahmundry,"₹80,000",Heart Bypass Surgery,Dr. Sneha Rao,4.4,ENT Specialist
Sunshine Hospitals,Rajahmundry,"₹1,50,000",C-Section Delivery,Dr. Anand Sharma,4.8,ENT Specialist
Omni Hospitals,Rajahmundry,"₹5,00,000",Angioplasty,Dr. Arjun Dev,4.8,Oncology expert
Care Hospitals,Nellore,"₹5,00,000",Angioplasty,Dr. Sneha Rao,4.9,Top gynecologist
Aayush Hospitals,Rajahmundry,"₹1,00,000",Heart Bypass Surgery,Dr. Priya Menon,5,ENT Specialist
KIMS Hospitals,Kakinada,"₹3,00,000",Chemotherapy,Dr. Meera Joshi,3.8,Experienced general surgeon
Rainbow Hospitals,Hyderabad,"₹80,000",Chemotherapy,Dr. Sandeep Varma,3.7,Experienced general surgeon
Manipal Hospitals,Visakhapatnam,"₹80,000",Angioplasty,Dr. Anand Sharma,4.1,Best orthopedic surgeon
Aayush Hospitals,Nellore,"₹80,000",Knee Replacement,Dr. Neha Sharma,4.2,Renowned dermatologist
KIMS Hospitals,Visakhapatnam,"₹80,000",Angioplasty,Dr. Ramesh Kumar,4.9,Best orthopedic surgeon
Apollo Hospitals,Tirupati,"₹5,00,000",Chemotherapy,Dr. Ramesh Kumar,4.8,Top gynecologist
Sunshine Hospitals,Vijayawada,"₹1,50,000",Skin Treatment,Dr. Anand Sharma,3.8,Pediatric specialist
Apollo Hospitals,Kakinada,"₹1,50,000",Appendix Surgery,Dr. Sandeep Varma,4.2,ENT Specialist
Aayush Hospitals,Vijayawada,"₹2,00,000",Skin Treatment,Dr. Manish Rao,4.9,Renowned dermatologist
Care Hospitals,Nellore,"₹50,000",Knee Replacement,Dr. Neha Sharma,4.9,Oncology expert
Aayush Hospitals,Rajahmundry,"₹5,00,000",Appendix Surgery,Dr. Manish Rao,4.9,Cardiac specialist
KIMS Hospitals,Hyderabad,"₹2,00,000",Knee Replacement,Dr. Sneha Rao,3.7,Best neurologist
Aayush Hospitals,Visakhapatnam,"₹3,00,000",Skin Treatment,Dr. Meera Joshi,3.7,Best neurologist
Omni Hospitals,Kakinada,"₹80,000",Knee Replacement,Dr. Sandeep Varma,3.9,Cardiac specialist
Omni Hospitals,Vijayawada,"₹5,00,000",Appendix Surgery,Dr. Ramesh Kumar,4.2,Oncology expert
Apollo Hospitals,Hyderabad,"₹1,00,000",Knee Replacement,Dr. Arjun Dev,4,ENT Specialist
Apollo Hospitals,Tirupati,"₹2,00,000",Skin Treatment,Dr. Meera Joshi,3.7,Expert in cardiology
KIMS Hospitals,Guntur,"₹3,00,000",Chemotherapy,Dr. Meera Joshi,3.8,ENT Specialist
Aayush Hospitals,Vijayawada,"₹3,00,000",Ear Surgery,Dr. Kavitha Reddy,4.2,Best neurologist
Rainbow Hospitals,Vijayawada,"₹3,00,000",C-Section Delivery,Dr. Kavitha Reddy,3.8,Best orthopedic surgeon
Aayush Hospitals,Nellore,"₹1,50,000",Heart Bypass Surgery,Dr. Priya Menon,4,Best orthopedic surgeon
Apollo Hospitals,Rajahmundry,"₹3,00,000",Appendix Surgery,Dr. Anand Sharma,4.5,Oncology expert
Kamineni Hospitals,Nellore,"₹1,50,000",Brain Surgery,Dr. Meera Joshi,3.9,Best neurologist
Rainbow Hospitals,Rajahmundry,"₹80,000",Appendix Surgery,Dr. Anand Sharma,4,Best orthopedic surgeon
Kamineni Hospitals,Vijayawada,"₹1,00,000",C-Section Delivery,Dr. Manish Rao,3.6,Expert in cardiology
KIMS Hospitals,Visakhapatnam,"₹1,00,000",Child Vaccination,Dr. Kavitha Reddy,4,Expert in cardiology
Aayush Hospitals,Guntur,"₹1,00,000",Appendix Surgery,Dr. Anand Sharma,4,Cardiac specialist
Sunshine Hospitals,Hyderabad,"₹3,00,000",Angioplasty,Dr. Neha Sharma,4.4,Experienced general surgeon
Rainbow Hospitals,Guntur,"₹3,00,000",Knee Replacement,Dr. Meera Joshi,4.9,Pediatric specialist
Apollo Hospitals,Guntur,"₹5,00,000",Brain Surgery,Dr. Kavitha Reddy,3.9,Oncology expert
Apollo Hospitals,Vijayawada,"₹1,50,000",Appendix Surgery,Dr. Neha Sharma,3.9,Experienced general surgeon
Care Hospitals,Vijayawada,"₹2,00,000",Chemotherapy,Dr. Arjun Dev,3.9,Experienced general surgeon
Omni Hospitals,Kakinada,"₹1,50,000",Skin Treatment,Dr. Neha Sharma,3.7,Experienced general surgeon
Apollo Hospitals,Tirupati,"₹50,000",Ear Surgery,Dr. Kavitha Reddy,3.7,Oncology expert
Apollo Hospitals,Visakhapatnam,"₹1,00,000",Child Vaccination,Dr. Neha Sharma,4.9,Oncology expert
Omni Hospitals,Rajahmundry,"₹3,00,000",Angioplasty,Dr. Anand Sharma,3.7,ENT Specialist
Manipal Hospitals,Guntur,"₹1,00,000",Brain Surgery,Dr. Priya Menon,3.8,Oncology expert
KIMS Hospitals,Tirupati,"₹3,00,000",Ear Surgery,Dr. Ramesh Kumar,3.5,Best neurologist
Care Hospitals,Nellore,"₹5,00,000",C-Section Delivery,Dr. Neha Sharma,4,Expert in cardiology
Rainbow Hospitals,Nellore,"₹80,000",C-Section Delivery,Dr. Anand Sharma,3.7,Top gynecologist
KIMS Hospitals,Rajahmundry,"₹1,00,000",Heart Bypass Surgery,Dr. Arjun Dev,4.1,Best neurologist
Care Hospitals,Tirupati,"₹50,000",Knee Replacement,Dr. Sandeep Varma,4.3,Expert in cardiology
Andhra Hospitals,Hyderabad,"₹3,00,000",Knee Replacement,Dr. Manish Rao,4.1,Cardiac specialist
Omni Hospitals,Hyderabad,"₹80,000",Appendix Surgery,Dr. Kavitha Reddy,4.7,Pediatric specialist
Care Hospitals,Rajahmundry,"₹1,50,000",Knee Replacement,Dr. Priya Menon,3.6,Renowned dermatologist
Care Hospitals,Rajahmundry,"₹80,000",C-Section Delivery,Dr. Sneha Rao,4,Expert in cardiology
Kamineni Hospitals,Tirupati,"₹80,000",Child Vaccination,Dr. Meera Joshi,4.6,Cardiac specialist
Manipal Hospitals,Kakinada,"₹2,00,000",Brain Surgery,Dr. Manish Rao,4.7,ENT Specialist
Manipal Hospitals,Tirupati,"₹2,00,000",Chemotherapy,Dr. Meera Joshi,3.5,Oncology expert
KIMS Hospitals,Guntur,"₹5,00,000",Brain Surgery,Dr. Sneha Rao,3.6,Top gynecologist
Andhra Hospitals,Tirupati,"₹50,000",Knee Replacement,Dr. Meera Joshi,4.1,Renowned dermatologist
Kamineni Hospitals,Rajahmundry,"₹5,00,000",C-Section Delivery,Dr. Manish Rao,4.1,Best neurologist
Rainbow Hospitals,Kakinada,"₹5,00,000",Skin Treatment,Dr. Neha Sharma,4.2,Best orthopedic surgeon
Rainbow Hospitals,Nellore,"₹1,50,000",Angioplasty,Dr. Anand Sharma,3.8,ENT Specialist
Apollo Hospitals,Hyderabad,"₹2,00,000",Chemotherapy,Dr. Sneha Rao,4.6,Best neurologist
Omni Hospitals,Tirupati,"₹1,00,000",Brain Surgery,Dr. Priya Menon,4.5,Best orthopedic surgeon
Rainbow Hospitals,Tirupati,"₹1,00,000",Brain Surgery,Dr. Sneha Rao,4.1,Top gynecologist
Sunshine Hospitals,Kakinada,"₹3,00,000",Skin Treatment,Dr. Priya Menon,4,Pediatric specialist
Kamineni Hospitals,Tirupati,"₹5,00,000",Knee Replacement,Dr. Arjun Dev,4.5,Cardiac specialist
Kamineni Hospitals,Guntur,"₹5,00,000",Skin Treatment,Dr. Anand Sharma,4.7,Pediatric specialist
Rainbow Hospitals,Guntur,"₹1,50,000",Knee Replacement,Dr. Ramesh Kumar,3.6,Oncology expert
Andhra Hospitals,Nellore,"₹1,50,000",C-Section Delivery,Dr. Manish Rao,4.5,Best orthopedic surgeon
Andhra Hospitals,Kakinada,"₹80,000",Knee Replacement,Dr. Meera Joshi,4.7,Renowned dermatologist
Omni Hospitals,Hyderabad,"₹1,50,000",Child Vaccination,Dr. Sneha Rao,4.3,Best neurologist
Andhra Hospitals,Tirupati,"₹1,00,000",Skin Treatment,Dr. Sandeep Varma,4.6,Experienced general surgeon
Manipal Hospitals,Tirupati,"₹80,000",Brain Surgery,Dr. Priya Menon,3.6,Renowned dermatologist
Care Hospitals,Tirupati,"₹1,00,000",Brain Surgery,Dr. Sandeep Varma,4.7,ENT Specialist
Andhra Hospitals,Visakhapatnam,"₹80,000",Skin Treatment,Dr. Manish Rao,3.6,Expert in cardiology
Aayush Hospitals,Nellore,"₹5,00,000",Knee Replacement,Dr. Priya Menon,4.3,Best orthopedic surgeon
Apollo Hospitals,Vijayawada,"₹50,000",Ear Surgery,Dr. Anand Sharma,4.5,ENT Specialist
Care Hospitals,Kakinada,"₹1,00,000",Angioplasty,Dr. Sneha Rao,4.2,Pediatric specialist
Andhra Hospitals,Rajahmundry,"₹50,000",Chemotherapy,Dr. Manish Rao,4,Best neurologist
KIMS Hospitals,Vijayawada,"₹3,00,000",C-Section Delivery,Dr. Sandeep Varma,3.6,Renowned dermatologist
Rainbow Hospitals,Nellore,"₹80,000",Ear Surgery,Dr. Kavitha Reddy,4.5,Oncology expert
Aayush Hospitals,Visakhapatnam,"₹5,00,000",C-Section Delivery,Dr. Anand Sharma,4.5,ENT Specialist
Care Hospitals,Vijayawada,"₹1,00,000",Ear Surgery,Dr. Anand Sharma,3.9,Renowned dermatologist
Sunshine Hospitals,Rajahmundry,"₹1,00,000",Chemotherapy,Dr. Neha Sharma,4.8,Oncology expert
Apollo Hospitals,Visakhapatnam,"₹5,00,000",Child Vaccination,Dr. Meera Joshi,3.9,Cardiac specialist
Andhra Hospitals,Rajahmundry,"₹1,50,000",Knee Replacement,Dr. Neha Sharma,4.5,ENT Specialist
Care Hospitals,Hyderabad,"₹50,000",Angioplasty,Dr. Kavitha Reddy,4.7,Best neurologist
Andhra Hospitals,Hyderabad,"₹50,000",Knee Replacement,Dr. Kavitha Reddy,3.6,Pediatric specialist
Andhra Hospitals,Tirupati,"₹1,50,000",Chemotherapy,Dr. Neha Sharma,4.4,Cardiac specialist
Care Hospitals,Tirupati,"₹5,00,000",Chemotherapy,Dr. Kavitha Reddy,4.9,Expert in cardiology
Andhra Hospitals,Visakhapatnam,"₹1,00,000",Appendix Surgery,Dr. Meera Joshi,4.3,Top gynecologist
Rainbow Hospitals,Rajahmundry,"₹5,00,000",Appendix Surgery,Dr. Meera Joshi,3.7,Oncology expert
Aayush Hospitals,Guntur,"₹2,00,000",Chemotherapy,Dr. Sneha Rao,4.8,Best orthopedic surgeon
Sunshine Hospitals,Nellore,"₹80,000",Skin Treatment,Dr. Meera Joshi,4.8,Experienced general surgeon
KIMS Hospitals,Guntur,"₹5,00,000",Heart Bypass Surgery,Dr. Neha Sharma,3.7,Experienced general surgeon
Kamineni Hospitals,Kakinada,"₹3,00,000",Skin Treatment,Dr. Neha Sharma,4.3,Cardiac specialist
Kamineni Hospitals,Vijayawada,"₹1,50,000",Ear Surgery,Dr. Priya Menon,3.5,Expert in cardiology
Apollo Hospitals,Hyderabad,"₹50,000",Angioplasty,Dr. Kavitha Reddy,3.7,Cardiac specialist
Apollo Hospitals,Visakhapatnam,"₹3,00,000",C-Section Delivery,Dr. Anand Sharma,4,ENT Specialist
Sunshine Hospitals,Tirupati,"₹80,000",Ear Surgery,Dr. Anand Sharma,3.7,Cardiac specialist
Rainbow Hospitals,Rajahmundry,"₹1,50,000",C-Section Delivery,Dr. Meera Joshi,4.6,Oncology expert
Andhra Hospitals,Visakhapatnam,"₹50,000",Heart Bypass Surgery,Dr. Kavitha Reddy,3.6,Pediatric specialist
KIMS Hospitals,Kakinada,"₹50,000",Child Vaccination,Dr. Manish Rao,4.5,Pediatric specialist
Apollo Hospitals,Vijayawada,"₹1,00,000",Brain Surgery,Dr. Sandeep Varma,3.7,Experienced general surgeon
Sunshine Hospitals,Nellore,"₹1,00,000",Chemotherapy,Dr. Priya Menon,4.5,Best neurologist
Omni Hospitals,Vijayawada,"₹2,00,000",Brain Surgery,Dr. Priya Menon,4.1,Oncology expert
Manipal Hospitals,Tirupati,"₹5,00,000",Ear Surgery,Dr. Ramesh Kumar,4.5,ENT Specialist
Aayush Hospitals,Rajahmundry,"₹2,00,000",C-Section Delivery,Dr. Arjun Dev,4.3,Expert in cardiology
KIMS Hospitals,Tirupati,"₹3,00,000",Skin Treatment,Dr. Meera Joshi,4.6,Best neurologist
Andhra Hospitals,Visakhapatnam,"₹3,00,000",Chemotherapy,Dr. Ramesh Kumar,4.6,Renowned dermatologist
Kamineni Hospitals,Rajahmundry,"₹1,50,000",Skin Treatment,Dr. Anand Sharma,4.3,Pediatric specialist
Sunshine Hospitals,Visakhapatnam,"₹1,50,000",C-Section Delivery,Dr. Ramesh Kumar,4,Experienced general surgeon
Kamineni Hospitals,Guntur,"₹3,00,000",Angioplasty,Dr. Sneha Rao,4.5,Expert in cardiology
Sunshine Hospitals,Kakinada,"₹1,00,000",Brain Surgery,Dr. Ramesh Kumar,4.1,Renowned dermatologist
KIMS Hospitals,Rajahmundry,"₹2,00,000",Heart Bypass Surgery,Dr. Meera Joshi,3.5,Expert in cardiology
Apollo Hospitals,Tirupati,"₹1,50,000",Chemotherapy,Dr. Kavitha Reddy,5,Top gynecologist
Sunshine Hospitals,Vijayawada,"₹80,000",Appendix Surgery,Dr. Ramesh Kumar,4.3,Experienced general surgeon
Manipal Hospitals,Rajahmundry,"₹1,50,000",C-Section Delivery,Dr. Sneha Rao,4.1,Oncology expert
Omni Hospitals,Hyderabad,"₹1,00,000",Skin Treatment,Dr. Sneha Rao,4.7,Cardiac specialist
KIMS Hospitals,Guntur,"₹50,000",Child Vaccination,Dr. Kavitha Reddy,4.7,Oncology expert
KIMS Hospitals,Tirupati,"₹2,00,000",Appendix Surgery,Dr. Ramesh Kumar,4.6,Expert in cardiology
Andhra Hospitals,Vijayawada,"₹3,00,000",Appendix Surgery,Dr. Anand Sharma,4.7,Best neurologist
Omni Hospitals,Nellore,"₹5,00,000",Knee Replacement,Dr. Meera Joshi,4.5,ENT Specialist
Rainbow Hospitals,Tirupati,"₹5,00,000",Skin Treatment,Dr. Anand Sharma,4.4,Best orthopedic surgeon
Rainbow Hospitals,Kakinada,"₹1,50,000",Brain Surgery,Dr. Arjun Dev,3.5,Cardiac specialist
Kamineni Hospitals,Tirupati,"₹3,00,000",Heart Bypass Surgery,Dr. Sandeep Varma,4.5,Top gynecologist
Sunshine Hospitals,Hyderabad,"₹1,50,000",Appendix Surgery,Dr. Arjun Dev,4.7,Best neurologist
Kamineni Hospitals,Nellore,"₹3,00,000",Angioplasty,Dr. Arjun Dev,3.5,Experienced general surgeon
Aayush Hospitals,Kakinada,"₹5,00,000",Ear Surgery,Dr. Kavitha Reddy,4.4,Experienced general surgeon
Omni Hospitals,Guntur,"₹50,000",Heart Bypass Surgery,Dr. Manish Rao,4.2,Oncology expert
Rainbow Hospitals,Rajahmundry,"₹80,000",Brain Surgery,Dr. Anand Sharma,3.9,Expert in cardiology
Care Hospitals,Vijayawada,"₹2,00,000",Skin Treatment,Dr. Meera Joshi,3.5,ENT Specialist
Manipal Hospitals,Hyderabad,"₹80,000",Ear Surgery,Dr. Arjun Dev,4.2,Best orthopedic surgeon
KIMS Hospitals,Vijayawada,"₹50,000",Knee Replacement,Dr. Sandeep Varma,3.9,Renowned dermatologist
Sunshine Hospitals,Vijayawada,"₹80,000",Appendix Surgery,Dr. Sandeep Varma,4,Cardiac specialist
Rainbow Hospitals,Guntur,"₹2,00,000",Appendix Surgery,Dr. Anand Sharma,4.3,Best neurologist
Apollo Hospitals,Nellore,"₹50,000",Ear Surgery,Dr. Neha Sharma,4.9,Renowned dermatologist
Rainbow Hospitals,Visakhapatnam,"₹80,000",Child Vaccination,Dr. Arjun Dev,3.9,Renowned dermatologist
Aayush Hospitals,Guntur,"₹3,00,000",C-Section Delivery,Dr. Sandeep Varma,4.7,Cardiac specialist
Aayush Hospitals,Vijayawada,"₹80,000",Ear Surgery,Dr. Sandeep Varma,4.4,Experienced general surgeon
Manipal Hospitals,Visakhapatnam,"₹3,00,000",Child Vaccination,Dr. Ramesh Kumar,4.4,Best orthopedic surgeon
Rainbow Hospitals,Guntur,"₹50,000",Skin Treatment,Dr. Arjun Dev,4.6,Cardiac specialist
Care Hospitals,Rajahmundry,"₹2,00,000",Chemotherapy,Dr. Anand Sharma,4.5,Expert in cardiology
Manipal Hospitals,Visakhapatnam,"₹80,000",Knee Replacement,Dr. Kavitha Reddy,4,Expert in cardiology
Apollo Hospitals,Visakhapatnam,"₹50,000",Chemotherapy,Dr. Anand Sharma,4.5,Oncology expert
Omni Hospitals,Rajahmundry,"₹1,50,000",Appendix Surgery,Dr. Sandeep Varma,4,Renowned dermatologist
Andhra Hospitals,Visakhapatnam,"₹2,00,000",Knee Replacement,Dr. Kavitha Reddy,4.7,Best orthopedic surgeon
Apollo Hospitals,Guntur,"₹50,000",Chemotherapy,Dr. Meera Joshi,4.5,Oncology expert
Care Hospitals,Nellore,"₹50,000",C-Section Delivery,Dr. Sandeep Varma,3.6,Expert in cardiology
Sunshine Hospitals,Tirupati,"₹2,00,000",Skin Treatment,Dr. Arjun Dev,4.5,Experienced general surgeon
Omni Hospitals,Visakhapatnam,"₹1,50,000",Brain Surgery,Dr. Sandeep Varma,4.7,Pediatric specialist
Rainbow Hospitals,Kakinada,"₹1,50,000",Appendix Surgery,Dr. Sneha Rao,4.3,Best orthopedic surgeon
Rainbow Hospitals,Vijayawada,"₹1,00,000",Knee Replacement,Dr. Meera Joshi,4.2,Best orthopedic surgeon
Kamineni Hospitals,Nellore,"₹1,00,000",Angioplasty,Dr. Ramesh Kumar,4.5,Cardiac specialist
Kamineni Hospitals,Vijayawada,"₹5,00,000",Skin Treatment,Dr. Ramesh Kumar,3.7,Pediatric specialist
Aayush Hospitals,Rajahmundry,"₹50,000",Appendix Surgery,Dr. Ramesh Kumar,4.6,Cardiac specialist
Apollo Hospitals,Hyderabad,"₹3,00,000",Heart Bypass Surgery,Dr. Meera Joshi,4.1,Top gynecologist
Aayush Hospitals,Guntur,"₹80,000",Heart Bypass Surgery,Dr. Anand Sharma,4.9,ENT Specialist
Sunshine Hospitals,Guntur,"₹5,00,000",Knee Replacement,Dr. Ramesh Kumar,4,Best neurologist
Rainbow Hospitals,Guntur,"₹80,000",Heart Bypass Surgery,Dr. Meera Joshi,3.6,Best neurologist
Rainbow Hospitals,Guntur,"₹50,000",Appendix Surgery,Dr. Manish Rao,4.5,Best orthopedic surgeon
KIMS Hospitals,Visakhapatnam,"₹3,00,000",Heart Bypass Surgery,Dr. Sneha Rao,3.6,Renowned dermatologist
Omni Hospitals,Guntur,"₹50,000",Child Vaccination,Dr. Sandeep Varma,4.6,Best neurologist
Manipal Hospitals,Rajahmundry,"₹3,00,000",Chemotherapy,Dr. Sandeep Varma,4.9,Experienced general surgeon
Rainbow Hospitals,Rajahmundry,"₹3,00,000",Chemotherapy,Dr. Arjun Dev,4.7,Pediatric specialist
Care Hospitals,Kakinada,"₹1,50,000",C-Section Delivery,Dr. Priya Menon,4.3,Top gynecologist
Omni Hospitals,Visakhapatnam,"₹50,000",Appendix Surgery,Dr. Arjun Dev,3.5,Oncology expert
Care Hospitals,Guntur,"₹80,000",Chemotherapy,Dr. Kavitha Reddy,3.8,Oncology expert
Care Hospitals,Guntur,"₹5,00,000",Skin Treatment,Dr. Meera Joshi,3.9,Cardiac specialist
Aayush Hospitals,Guntur,"₹1,00,000",Child Vaccination,Dr. Manish Rao,3.8,Renowned dermatologist
Andhra Hospitals,Vijayawada,"₹50,000",Appendix Surgery,Dr. Sandeep Varma,4.8,ENT Specialist
Apollo Hospitals,Vijayawada,"₹5,00,000",Knee Replacement,Dr. Manish Rao,4.8,Top gynecologist
Rainbow Hospitals,Hyderabad,"₹1,50,000",Brain Surgery,Dr. Sneha Rao,4.4,Renowned dermatologist
Manipal Hospitals,Guntur,"₹1,50,000",Knee Replacement,Dr. Meera Joshi,4.9,Best orthopedic surgeon
Care Hospitals,Nellore,"₹1,00,000",Brain Surgery,Dr. Arjun Dev,3.9,Best neurologist
Care Hospitals,Nellore,"₹80,000",Brain Surgery,Dr. Sneha Rao,4.3,Experienced general surgeon
Apollo Hospitals,Nellore,"₹5,00,000",Heart Bypass Surgery,Dr. Kavitha Reddy,4.5,Experienced general surgeon
Apollo Hospitals,Kakinada,"₹80,000",Brain Surgery,Dr. Arjun Dev,5,Expert in cardiology
Aayush Hospitals,Rajahmundry,"₹1,50,000",Child Vaccination,Dr. Anand Sharma,4.2,Renowned dermatologist
Care Hospitals,Visakhapatnam,"₹80,000",Child Vaccination,Dr. Neha Sharma,3.8,Best orthopedic surgeon
Apollo Hospitals,Visakhapatnam,"₹3,00,000",Knee Replacement,Dr. Manish Rao,4.3,ENT Specialist
KIMS Hospitals,Hyderabad,"₹80,000",C-Section Delivery,Dr. Manish Rao,4.1,Renowned dermatologist
Omni Hospitals,Kakinada,"₹5,00,000",Skin Treatment,Dr. Kavitha Reddy,3.8,Top gynecologist
Manipal Hospitals,Guntur,"₹3,00,000",Knee Replacement,Dr. Neha Sharma,3.9,Best orthopedic surgeon
Manipal Hospitals,Kakinada,"₹50,000",Angioplasty,Dr. Kavitha Reddy,4.1,ENT Specialist
KIMS Hospitals,Hyderabad,"₹5,00,000",C-Section Delivery,Dr. Anand Sharma,4.7,Best neurologist
KIMS Hospitals,Guntur,"₹5,00,000",Child Vaccination,Dr. Manish Rao,4.1,Oncology expert
Rainbow Hospitals,Hyderabad,"₹1,00,000",Skin Treatment,Dr. Sandeep Varma,3.6,Cardiac specialist
Rainbow Hospitals,Nellore,"₹3,00,000",Child Vaccination,Dr. Meera Joshi,3.8,Best orthopedic surgeon
Care Hospitals,Guntur,"₹3,00,000",Skin Treatment,Dr. Arjun Dev,3.7,Pediatric specialist
Kamineni Hospitals,Guntur,"₹80,000",Knee Replacement,Dr. Manish Rao,4.7,Oncology expert
Manipal Hospitals,Guntur,"₹2,00,000",C-Section Delivery,Dr. Ramesh Kumar,4.1,Oncology expert
Rainbow Hospitals,Nellore,"₹2,00,000",Skin Treatment,Dr. Ramesh Kumar,4.3,Pediatric specialist
Manipal Hospitals,Rajahmundry,"₹2,00,000",Heart Bypass Surgery,Dr. Sandeep Varma,4.4,Expert in cardiology
Omni Hospitals,Guntur,"₹1,50,000",Skin Treatment,Dr. Sneha Rao,3.7,Pediatric specialist
Manipal Hospitals,Tirupati,"₹1,50,000",Skin Treatment,Dr. Kavitha Reddy,4.6,Best orthopedic surgeon
Care Hospitals,Hyderabad,"₹3,00,000",Heart Bypass Surgery,Dr. Kavitha Reddy,3.5,Top gynecologist
KIMS Hospitals,Visakhapatnam,"₹80,000",C-Section Delivery,Dr. Sneha Rao,4.9,Pediatric specialist
Kamineni Hospitals,Visakhapatnam,"₹1,00,000",Appendix Surgery,Dr. Meera Joshi,4.6,Best neurologist
Aayush Hospitals,Vijayawada,"₹3,00,000",Knee Replacement,Dr. Anand Sharma,3.9,Experienced general surgeon
Rainbow Hospitals,Rajahmundry,"₹1,50,000",Skin Treatment,Dr. Anand Sharma,4.2,Best orthopedic surgeon
Andhra Hospitals,Rajahmundry,"₹1,50,000",Skin Treatment,Dr. Meera Joshi,4.4,Best neurologist
Aayush Hospitals,Hyderabad,"₹2,00,000",Child Vaccination,Dr. Priya Menon,4,Best neurologist
Rainbow Hospitals,Visakhapatnam,"₹2,00,000",Skin Treatment,Dr. Anand Sharma,4.5,Top gynecologist
Care Hospitals,Hyderabad,"₹5,00,000",Appendix Surgery,Dr. Sneha Rao,4.4,Cardiac specialist
Sunshine Hospitals,Guntur,"₹5,00,000",Chemotherapy,Dr. Ramesh Kumar,4.8,Expert in cardiology
Apollo Hospitals,Tirupati,"₹2,00,000",Child Vaccination,Dr. Neha Sharma,4.9,Expert in cardiology
Kamineni Hospitals,Visakhapatnam,"₹1,00,000",Heart Bypass Surgery,Dr. Kavitha Reddy,3.7,Best orthopedic surgeon
Apollo Hospitals,Visakhapatnam,"₹80,000",Ear Surgery,Dr. Sneha Rao,4.3,Best orthopedic surgeon
Sunshine Hospitals,Guntur,"₹5,00,000",Child Vaccination,Dr. Arjun Dev,3.6,Top gynecologist
Manipal Hospitals,Guntur,"₹1,50,000",Child Vaccination,Dr. Ramesh Kumar,4.8,Renowned dermatologist
Manipal Hospitals,Visakhapatnam,"₹1,50,000",Chemotherapy,Dr. Sneha Rao,3.8,ENT Specialist
Andhra Hospitals,Vijayawada,"₹2,00,000",Child Vaccination,Dr. Kavitha Reddy,4.8,Cardiac specialist
Kamineni Hospitals,Nellore,"₹3,00,000",Knee Replacement,Dr. Arjun Dev,3.8,Oncology expert
Kamineni Hospitals,Visakhapatnam,"₹2,00,000",Brain Surgery,Dr. Kavitha Reddy,4.4,Pediatric specialist
Kamineni Hospitals,Guntur,"₹50,000",Heart Bypass Surgery,Dr. Priya Menon,4.9,Experienced general surgeon
Aayush Hospitals,Nellore,"₹3,00,000",Ear Surgery,Dr. Neha Sharma,4.4,Expert in cardiology
Apollo Hospitals,Kakinada,"₹80,000",Brain Surgery,Dr. Manish Rao,4.7,Cardiac specialist
Andhra Hospitals,Visakhapatnam,"₹50,000",Angioplasty,Dr. Priya Menon,3.8,Cardiac specialist
Rainbow Hospitals,Nellore,"₹2,00,000",Brain Surgery,Dr. Kavitha Reddy,4.5,Experienced general surgeon
Omni Hospitals,Kakinada,"₹2,00,000",Knee Replacement,Dr. Priya Menon,3.5,ENT Specialist
Sunshine Hospitals,Nellore,"₹1,50,000",C-Section Delivery,Dr. Sneha Rao,4.1,Cardiac specialist
Sunshine Hospitals,Guntur,"₹50,000",Brain Surgery,Dr. Neha Sharma,4.2,Pediatric specialist
Rainbow Hospitals,Kakinada,"₹1,50,000",Heart Bypass Surgery,Dr. Arjun Dev,3.9,Oncology expert
Manipal Hospitals,Hyderabad,"₹2,00,000",Brain Surgery,Dr. Sneha Rao,4.2,Expert in cardiology
Care Hospitals,Vijayawada,"₹5,00,000",Child Vaccination,Dr. Ramesh Kumar,4.7,Top gynecologist
Andhra Hospitals,Vijayawada,"₹3,00,000",Child Vaccination,Dr. Meera Joshi,5,Top gynecologist
Apollo Hospitals,Rajahmundry,"₹3,00,000",C-Section Delivery,Dr. Manish Rao,3.7,Best neurologist
Rainbow Hospitals,Tirupati,"₹80,000",Brain Surgery,Dr. Kavitha Reddy,4.5,Experienced general surgeon
Sunshine Hospitals,Hyderabad,"₹2,00,000",Knee Replacement,Dr. Kavitha Reddy,4,Top gynecologist
Apollo Hospitals,Tirupati,"₹1,50,000",Chemotherapy,Dr. Arjun Dev,4,Pediatric specialist
Kamineni Hospitals,Visakhapatnam,"₹80,000",Brain Surgery,Dr. Priya Menon,4.7,Top gynecologist
Manipal Hospitals,Kakinada,"₹50,000",Ear Surgery,Dr. Kavitha Reddy,4.2,Cardiac specialist
Manipal Hospitals,Rajahmundry,"₹50,000",Knee Replacement,Dr. Sandeep Varma,4.8,Expert in cardiology
Care Hospitals,Nellore,"₹3,00,000",Knee Replacement,Dr. Sneha Rao,4.1,ENT Specialist
Omni Hospitals,Vijayawada,"₹1,00,000",Child Vaccination,Dr. Arjun Dev,4.8,Best neurologist
Kamineni Hospitals,Nellore,"₹2,00,000",Chemotherapy,Dr. Kavitha Reddy,4.7,Cardiac specialist
Aayush Hospitals,Rajahmundry,"₹5,00,000",Chemotherapy,Dr. Kavitha Reddy,4.1,Cardiac specialist
Andhra Hospitals,Vijayawada,"₹1,50,000",Child Vaccination,Dr. Arjun Dev,4.6,Top gynecologist
Aayush Hospitals,Hyderabad,"₹50,000",Skin Treatment,Dr. Arjun Dev,4.9,Best neurologist
Kamineni Hospitals,Visakhapatnam,"₹3,00,000",Knee Replacement,Dr. Meera Joshi,4.1,Experienced general surgeon
Aayush Hospitals,Visakhapatnam,"₹2,00,000",Skin Treatment,Dr. Ramesh Kumar,4.2,ENT Specialist
Omni Hospitals,Visakhapatnam,"₹5,00,000",Child Vaccination,Dr. Meera Joshi,4.9,Renowned dermatologist
Andhra Hospitals,Visakhapatnam,"₹2,00,000",Appendix Surgery,Dr. Priya Menon,3.9,ENT Specialist
Care Hospitals,Visakhapatnam,"₹2,00,000",Heart Bypass Surgery,Dr. Meera Joshi,3.6,Pediatric specialist
Omni Hospitals,Visakhapatnam,"₹1,50,000",C-Section Delivery,Dr. Kavitha Reddy,3.7,Top gynecologist
Care Hospitals,Visakhapatnam,"₹1,50,000",C-Section Delivery,Dr. Neha Sharma,4.7,Oncology expert
Aayush Hospitals,Kakinada,"₹2,00,000",Skin Treatment,Dr. Anand Sharma,3.8,Renowned dermatologist
Rainbow Hospitals,Vijayawada,"₹2,00,000",Ear Surgery,Dr. Kavitha Reddy,4.3,ENT Specialist
Andhra Hospitals,Guntur,"₹1,00,000",Knee Replacement,Dr. Arjun Dev,4.8,Best orthopedic surgeon
Manipal Hospitals,Tirupati,"₹3,00,000",Skin Treatment,Dr. Sandeep Varma,4.1,Renowned dermatologist
Care Hospitals,Kakinada,"₹2,00,000",Ear Surgery,Dr. Sneha Rao,4.7,ENT Specialist
Apollo Hospitals,Kakinada,"₹1,50,000",Knee Replacement,Dr. Sandeep Varma,3.9,Best neurologist
Aayush Hospitals,Vijayawada,"₹50,000",Chemotherapy,Dr. Neha Sharma,4.3,Best orthopedic surgeon
Andhra Hospitals,Guntur,"₹2,00,000",Appendix Surgery,Dr. Kavitha Reddy,3.6,Best neurologist
Aayush Hospitals,Vijayawada,"₹2,00,000",Heart Bypass Surgery,Dr. Priya Menon,4.8,Oncology expert
Care Hospitals,Rajahmundry,"₹3,00,000",Brain Surgery,Dr. Kavitha Reddy,4,Oncology expert
Andhra Hospitals,Kakinada,"₹5,00,000",Child Vaccination,Dr. Neha Sharma,3.8,ENT Specialist
Care Hospitals,Tirupati,"₹3,00,000",Child Vaccination,Dr. Meera Joshi,4.9,Experienced general surgeon
Omni Hospitals,Nellore,"₹5,00,000",Knee Replacement,Dr. Arjun Dev,4.8,Top gynecologist
Kamineni Hospitals,Guntur,"₹80,000",Skin Treatment,Dr. Neha Sharma,4.1,Experienced general surgeon
Andhra Hospitals,Kakinada,"₹3,00,000",Skin Treatment,Dr. Sandeep Varma,4.5,ENT Specialist
Rainbow Hospitals,Nellore,"₹1,00,000",Brain Surgery,Dr. Neha Sharma,4.1,Best neurologist
Manipal Hospitals,Kakinada,"₹1,00,000",Heart Bypass Surgery,Dr. Kavitha Reddy,3.9,Best neurologist
Aayush Hospitals,Visakhapatnam,"₹1,00,000",Angioplasty,Dr. Sandeep Varma,3.9,Pediatric specialist
Manipal Hospitals,Guntur,"₹50,000",Heart Bypass Surgery,Dr. Anand Sharma,4.4,Best neurologist
Andhra Hospitals,Vijayawada,"₹5,00,000",Brain Surgery,Dr. Meera Joshi,4,Pediatric specialist
Care Hospitals,Hyderabad,"₹5,00,000",Child Vaccination,Dr. Anand Sharma,3.6,Pediatric specialist
Aayush Hospitals,Kakinada,"₹80,000",C-Section Delivery,Dr. Manish Rao,4,ENT Specialist
Andhra Hospitals,Visakhapatnam,"₹1,00,000",Skin Treatment,Dr. Meera Joshi,4.9,Renowned dermatologist
Care Hospitals,Visakhapatnam,"₹3,00,000",Ear Surgery,Dr. Manish Rao,3.9,Expert in cardiology
Sunshine Hospitals,Guntur,"₹2,00,000",Angioplasty,Dr. Anand Sharma,4.6,Expert in cardiology
Manipal Hospitals,Guntur,"₹1,00,000",Appendix Surgery,Dr. Meera Joshi,4.4,Oncology expert
Manipal Hospitals,Visakhapatnam,"₹1,00,000",Appendix Surgery,Dr. Anand Sharma,4.1,Experienced general surgeon
Apollo Hospitals,Tirupati,"₹80,000",Ear Surgery,Dr. Arjun Dev,4.3,ENT Specialist
Rainbow Hospitals,Tirupati,"₹80,000",C-Section Delivery,Dr. Priya Menon,3.5,Expert in cardiology
KIMS Hospitals,Guntur,"₹5,00,000",Appendix Surgery,Dr. Ramesh Kumar,3.6,Experienced general surgeon
Manipal Hospitals,Nellore,"₹1,50,000",Skin Treatment,Dr. Priya Menon,4.5,Experienced general surgeon
Manipal Hospitals,Guntur,"₹50,000",Ear Surgery,Dr. Neha Sharma,3.8,Cardiac specialist
Omni Hospitals,Kakinada,"₹2,00,000",Appendix Surgery,Dr. Kavitha Reddy,3.7,Expert in cardiology
KIMS Hospitals,Nellore,"₹2,00,000",Ear Surgery,Dr. Sandeep Varma,3.6,Top gynecologist
Rainbow Hospitals,Rajahmundry,"₹1,50,000",Heart Bypass Surgery,Dr. Sandeep Varma,4.1,Renowned dermatologist
Aayush Hospitals,Rajahmundry,"₹50,000",Angioplasty,Dr. Kavitha Reddy,3.7,Top gynecologist
Kamineni Hospitals,Nellore,"₹5,00,000",Ear Surgery,Dr. Sandeep Varma,4.9,ENT Specialist
Sunshine Hospitals,Vijayawada,"₹3,00,000",Angioplasty,Dr. Manish Rao,4.1,Oncology expert
Omni Hospitals,Kakinada,"₹1,50,000",C-Section Delivery,Dr. Neha Sharma,4.3,Oncology expert
Aayush Hospitals,Vijayawada,"₹50,000",Skin Treatment,Dr. Priya Menon,3.7,ENT Specialist
Andhra Hospitals,Nellore,"₹5,00,000",Ear Surgery,Dr. Ramesh Kumar,4.5,Cardiac specialist
Omni Hospitals,Rajahmundry,"₹2,00,000",Skin Treatment,Dr. Anand Sharma,4.1,ENT Specialist
Aayush Hospitals,Tirupati,"₹80,000",Knee Replacement,Dr. Ramesh Kumar,4,Top gynecologist
Apollo Hospitals,Nellore,"₹1,00,000",Angioplasty,Dr. Sneha Rao,4.9,Oncology expert
Andhra Hospitals,Tirupati,"₹5,00,000",Chemotherapy,Dr. Meera Joshi,4,Renowned dermatologist
Andhra Hospitals,Nellore,"₹1,50,000",C-Section Delivery,Dr. Kavitha Reddy,3.9,Top gynecologist
Care Hospitals,Vijayawada,"₹3,00,000",Brain Surgery,Dr. Sneha Rao,3.8,Pediatric specialist
Rainbow Hospitals,Vijayawada,"₹5,00,000",Child Vaccination,Dr. Kavitha Reddy,3.9,Cardiac specialist
KIMS Hospitals,Guntur,"₹1,50,000",Heart Bypass Surgery,Dr. Manish Rao,4.7,Cardiac specialist
Apollo Hospitals,Vijayawada,"₹50,000",Chemotherapy,Dr. Manish Rao,4.5,Oncology expert
Manipal Hospitals,Hyderabad,"₹1,50,000",Brain Surgery,Dr. Priya Menon,4.6,ENT Specialist
Manipal Hospitals,Tirupati,"₹80,000",Heart Bypass Surgery,Dr. Manish Rao,4.6,ENT Specialist
Apollo Hospitals,Rajahmundry,"₹80,000",Ear Surgery,Dr. Sneha Rao,4,Best orthopedic surgeon
Rainbow Hospitals,Rajahmundry,"₹50,000",Angioplasty,Dr. Sneha Rao,4.5,Top gynecologist
Aayush Hospitals,Kakinada,"₹2,00,000",Heart Bypass Surgery,Dr. Priya Menon,3.6,Best orthopedic surgeon
KIMS Hospitals,Kakinada,"₹5,00,000",Skin Treatment,Dr. Arjun Dev,3.7,Top gynecologist
Aayush Hospitals,Vijayawada,"₹2,00,000",Heart Bypass Surgery,Dr. Sandeep Varma,3.7,Pediatric specialist
Rainbow Hospitals,Visakhapatnam,"₹5,00,000",Skin Treatment,Dr. Sandeep Varma,4.7,Experienced general surgeon
Rainbow Hospitals,Hyderabad,"₹1,50,000",Child Vaccination,Dr. Anand Sharma,4.7,Top gynecologist
Omni Hospitals,Tirupati,"₹2,00,000",Skin Treatment,Dr. Anand Sharma,4.9,Top gynecologist
KIMS Hospitals,Hyderabad,"₹3,00,000",Brain Surgery,Dr. Manish Rao,4.8,Oncology expert
Aayush Hospitals,Rajahmundry,"₹50,000",Brain Surgery,Dr. Anand Sharma,4.8,Experienced general surgeon
Rainbow Hospitals,Visakhapatnam,"₹2,00,000",Knee Replacement,Dr. Sneha Rao,3.5,Experienced general surgeon
Apollo Hospitals,Vijayawada,"₹80,000",Heart Bypass Surgery,Dr. Sandeep Varma,4.5,Cardiac specialist
Kamineni Hospitals,Hyderabad,"₹1,50,000",Angioplasty,Dr. Priya Menon,4.1,Experienced general surgeon
KIMS Hospitals,Hyderabad,"₹1,00,000",Chemotherapy,Dr. Sandeep Varma,3.6,ENT Specialist
Rainbow Hospitals,Tirupati,"₹2,00,000",Child Vaccination,Dr. Priya Menon,4.6,Top gynecologist
KIMS Hospitals,Vijayawada,"₹5,00,000",Appendix Surgery,Dr. Priya Menon,4.7,Pediatric specialist
Apollo Hospitals,Visakhapatnam,"₹50,000",Skin Treatment,Dr. Sandeep Varma,4.9,Pediatric specialist
Care Hospitals,Vijayawada,"₹2,00,000",Knee Replacement,Dr. Priya Menon,4.9,Best neurologist
Kamineni Hospitals,Rajahmundry,"₹5,00,000",C-Section Delivery,Dr. Sneha Rao,4.3,Best neurologist
KIMS Hospitals,Guntur,"₹3,00,000",Ear Surgery,Dr. Meera Joshi,3.7,Best orthopedic surgeon
Manipal Hospitals,Vijayawada,"₹2,00,000",Child Vaccination,Dr. Kavitha Reddy,4.8,Oncology expert
Kamineni Hospitals,Visakhapatnam,"₹80,000",C-Section Delivery,Dr. Sneha Rao,3.8,Best neurologist
Sunshine Hospitals,Nellore,"₹5,00,000",Chemotherapy,Dr. Sneha Rao,4.9,Renowned dermatologist
Care Hospitals,Nellore,"₹2,00,000",Ear Surgery,Dr. Sandeep Varma,5,Top gynecologist
KIMS Hospitals,Tirupati,"₹1,50,000",Angioplasty,Dr. Priya Menon,4.2,Cardiac specialist
Kamineni Hospitals,Visakhapatnam,"₹80,000",Angioplasty,Dr. Kavitha Reddy,4.1,Top gynecologist
Manipal Hospitals,Tirupati,"₹2,00,000",Skin Treatment,Dr. Meera Joshi,4.3,Experienced general surgeon
Sunshine Hospitals,Vijayawada,"₹3,00,000",Angioplasty,Dr. Anand Sharma,4.5,Best orthopedic surgeon
Omni Hospitals,Tirupati,"₹50,000",Chemotherapy,Dr. Ramesh Kumar,3.8,Expert in cardiology
Andhra Hospitals,Vijayawada,"₹80,000",Heart Bypass Surgery,Dr. Sandeep Varma,4.4,ENT Specialist
Manipal Hospitals,Hyderabad,"₹1,00,000",Angioplasty,Dr. Sandeep Varma,3.6,Renowned dermatologist
Kamineni Hospitals,Guntur,"₹1,50,000",Child Vaccination,Dr. Kavitha Reddy,4.1,Top gynecologist
Rainbow Hospitals,Tirupati,"₹1,00,000",Chemotherapy,Dr. Sneha Rao,4,Best orthopedic surgeon
Sunshine Hospitals,Guntur,"₹50,000",Heart Bypass Surgery,Dr. Kavitha Reddy,3.7,Experienced general surgeon
Apollo Hospitals,Vijayawada,"₹1,50,000",Appendix Surgery,Dr. Sandeep Varma,4.7,Expert in cardiology
Omni Hospitals,Visakhapatnam,"₹1,00,000",Ear Surgery,Dr. Kavitha Reddy,3.7,Renowned dermatologist
Sunshine Hospitals,Hyderabad,"₹80,000",C-Section Delivery,Dr. Anand Sharma,4,Cardiac specialist
Sunshine Hospitals,Vijayawada,"₹5,00,000",Knee Replacement,Dr. Kavitha Reddy,4.8,ENT Specialist
Sunshine Hospitals,Guntur,"₹2,00,000",Chemotherapy,Dr. Sneha Rao,4.5,ENT Specialist
Apollo Hospitals,Hyderabad,"₹2,00,000",C-Section Delivery,Dr. Meera Joshi,3.7,Renowned dermatologist
Kamineni Hospitals,Tirupati,"₹50,000",Skin Treatment,Dr. Anand Sharma,4,Best neurologist
Aayush Hospitals,Tirupati,"₹1,50,000",C-Section Delivery,Dr. Anand Sharma,4.1,Renowned dermatologist
Apollo Hospitals,Kakinada,"₹5,00,000",Knee Replacement,Dr. Sandeep Varma,4.7,Best neurologist
Omni Hospitals,Hyderabad,"₹2,00,000",Chemotherapy,Dr. Priya Menon,3.6,Renowned dermatologist
Rainbow Hospitals,Rajahmundry,"₹2,00,000",C-Section Delivery,Dr. Sandeep Varma,4.4,Expert in cardiology
Aayush Hospitals,Visakhapatnam,"₹1,50,000",Ear Surgery,Dr. Sandeep Varma,4.3,Experienced general surgeon
Kamineni Hospitals,Kakinada,"₹3,00,000",C-Section Delivery,Dr. Sandeep Varma,4.5,Pediatric specialist
Omni Hospitals,Vijayawada,"₹5,00,000",Skin Treatment,Dr. Priya Menon,3.6,Top gynecologist
Rainbow Hospitals,Tirupati,"₹50,000",Knee Replacement,Dr. Kavitha Reddy,3.9,Cardiac specialist
Manipal Hospitals,Rajahmundry,"₹50,000",Appendix Surgery,Dr. Anand Sharma,3.9,Experienced general surgeon
Care Hospitals,Tirupati,"₹80,000",Appendix Surgery,Dr. Neha Sharma,4.8,Oncology expert
Kamineni Hospitals,Tirupati,"₹5,00,000",Ear Surgery,Dr. Kavitha Reddy,3.6,Best neurologist
Omni Hospitals,Guntur,"₹50,000",C-Section Delivery,Dr. Manish Rao,4.9,Best orthopedic surgeon
Manipal Hospitals,Nellore,"₹1,00,000",Angioplasty,Dr. Ramesh Kumar,3.8,Experienced general surgeon
Kamineni Hospitals,Vijayawada,"₹5,00,000",Knee Replacement,Dr. Neha Sharma,4.1,Experienced general surgeon
Sunshine Hospitals,Nellore,"₹2,00,000",Heart Bypass Surgery,Dr. Meera Joshi,4.7,Oncology expert
Rainbow Hospitals,Guntur,"₹1,50,000",Appendix Surgery,Dr. Sandeep Varma,4.4,Best neurologist
Sunshine Hospitals,Visakhapatnam,"₹5,00,000",Skin Treatment,Dr. Ramesh Kumar,3.8,ENT Specialist
Sunshine Hospitals,Nellore,"₹2,00,000",Appendix Surgery,Dr. Manish Rao,4.8,Oncology expert
Omni Hospitals,Kakinada,"₹80,000",Angioplasty,Dr. Anand Sharma,4.9,Oncology expert
Sunshine Hospitals,Vijayawada,"₹5,00,000",C-Section Delivery,Dr. Priya Menon,4.6,Expert in cardiology
Andhra Hospitals,Rajahmundry,"₹5,00,000",Ear Surgery,Dr. Ramesh Kumar,4.6,Best orthopedic surgeon
Rainbow Hospitals,Kakinada,"₹50,000",Ear Surgery,Dr. Arjun Dev,3.8,Experienced general surgeon
Sunshine Hospitals,Hyderabad,"₹2,00,000",C-Section Delivery,Dr. Arjun Dev,4.7,Top gynecologist
Kamineni Hospitals,Hyderabad,"₹50,000",Appendix Surgery,Dr. Neha Sharma,4.5,Cardiac specialist
Apollo Hospitals,Kakinada,"₹5,00,000",Brain Surgery,Dr. Arjun Dev,4.7,Expert in cardiology
Sunshine Hospitals,Rajahmundry,"₹1,00,000",Brain Surgery,Dr. Priya Menon,3.7,Pediatric specialist
Manipal Hospitals,Visakhapatnam,"₹3,00,000",Skin Treatment,Dr. Sandeep Varma,4.3,Expert in cardiology
Rainbow Hospitals,Vijayawada,"₹50,000",C-Section Delivery,Dr. Sneha Rao,3.6,Top gynecologist
Sunshine Hospitals,Kakinada,"₹3,00,000",Appendix Surgery,Dr. Meera Joshi,4,Pediatric specialist
Kamineni Hospitals,Guntur,"₹3,00,000",Knee Replacement,Dr. Sneha Rao,4.2,Experienced general surgeon
Manipal Hospitals,Rajahmundry,"₹5,00,000",Child Vaccination,Dr. Arjun Dev,4.2,Best neurologist
Manipal Hospitals,Kakinada,"₹50,000",Knee Replacement,Dr. Ramesh Kumar,4,Experienced general surgeon
Aayush Hospitals,Nellore,"₹1,50,000",Skin Treatment,Dr. Sneha Rao,4.5,Renowned dermatologist
Andhra Hospitals,Nellore,"₹1,50,000",Brain Surgery,Dr. Meera Joshi,3.7,Best neurologist
Andhra Hospitals,Kakinada,"₹5,00,000",Chemotherapy,Dr. Neha Sharma,4.7,ENT Specialist
Manipal Hospitals,Hyderabad,"₹3,00,000",Ear Surgery,Dr. Arjun Dev,3.9,Best orthopedic surgeon
Rainbow Hospitals,Visakhapatnam,"₹3,00,000",Brain Surgery,Dr. Manish Rao,4.7,Experienced general surgeon
Sunshine Hospitals,Kakinada,"₹80,000",Ear Surgery,Dr. Sandeep Varma,4.9,ENT Specialist
Sunshine Hospitals,Hyderabad,"₹2,00,000",Knee Replacement,Dr. Manish Rao,4.2,Renowned dermatologist
Sunshine Hospitals,Nellore,"₹5,00,000",Heart Bypass Surgery,Dr. Sneha Rao,4.7,Renowned dermatologist
Kamineni Hospitals,Guntur,"₹80,000",Angioplasty,Dr. Anand Sharma,4.5,Oncology expert
Aayush Hospitals,Visakhapatnam,"₹3,00,000",Child Vaccination,Dr. Neha Sharma,4.6,Top gynecologist
Rainbow Hospitals,Nellore,"₹2,00,000",C-Section Delivery,Dr. Manish Rao,4.5,Best neurologist
Sunshine Hospitals,Hyderabad,"₹1,00,000",Appendix Surgery,Dr. Ramesh Kumar,4.8,Best orthopedic surgeon
Sunshine Hospitals,Vijayawada,"₹50,000",Knee Replacement,Dr. Manish Rao,3.9,Pediatric specialist
Kamineni Hospitals,Guntur,"₹1,50,000",Knee Replacement,Dr. Ramesh Kumar,4.5,Expert in cardiology
Rainbow Hospitals,Kakinada,"₹5,00,000",Child Vaccination,Dr. Arjun Dev,4.2,Expert in cardiology
Omni Hospitals,Kakinada,"₹2,00,000",C-Section Delivery,Dr. Priya Menon,4.3,Pediatric specialist
Andhra Hospitals,Kakinada,"₹1,00,000",Heart Bypass Surgery,Dr. Meera Joshi,4.5,Best neurologist
Aayush Hospitals,Kakinada,"₹5,00,000",C-Section Delivery,Dr. Meera Joshi,3.6,Oncology expert
Manipal Hospitals,Tirupati,"₹1,50,000",Child Vaccination,Dr. Priya Menon,4.5,Experienced general surgeon
Kamineni Hospitals,Hyderabad,"₹1,00,000",Appendix Surgery,Dr. Arjun Dev,3.6,Top gynecologist
Apollo Hospitals,Visakhapatnam,"₹2,00,000",Child Vaccination,Dr. Neha Sharma,4.7,Cardiac specialist
Sunshine Hospitals,Vijayawada,"₹2,00,000",Knee Replacement,Dr. Anand Sharma,3.7,Top gynecologist
Omni Hospitals,Kakinada,"₹80,000",Brain Surgery,Dr. Sandeep Varma,4.2,Experienced general surgeon
Sunshine Hospitals,Hyderabad,"₹1,50,000",Heart Bypass Surgery,Dr. Neha Sharma,4.9,Oncology expert
Andhra Hospitals,Visakhapatnam,"₹50,000",Brain Surgery,Dr. Sneha Rao,4.6,Pediatric specialist
KIMS Hospitals,Guntur,"₹1,50,000",Ear Surgery,Dr. Manish Rao,3.6,Expert in cardiology
Aayush Hospitals,Vijayawada,"₹1,50,000",Knee Replacement,Dr. Ramesh Kumar,4.8,Oncology expert
KIMS Hospitals,Visakhapatnam,"₹3,00,000",Appendix Surgery,Dr. Ramesh Kumar,3.9,Experienced general surgeon
Manipal Hospitals,Kakinada,"₹50,000",Knee Replacement,Dr. Sandeep Varma,3.6,Expert in cardiology
Apollo Hospitals,Kakinada,"₹1,50,000",Appendix Surgery,Dr. Priya Menon,4.8,Pediatric specialist
Care Hospitals,Visakhapatnam,"₹2,00,000",Appendix Surgery,Dr. Sandeep Varma,4.9,Best neurologist
KIMS Hospitals,Kakinada,"₹80,000",Knee Replacement,Dr. Neha Sharma,4.4,Expert in cardiology
Omni Hospitals,Kakinada,"₹80,000",Ear Surgery,Dr. Anand Sharma,3.6,Top gynecologist
Kamineni Hospitals,Tirupati,"₹1,00,000",Angioplasty,Dr. Arjun Dev,5,Experienced general surgeon
Care Hospitals,Rajahmundry,"₹2,00,000",Child Vaccination,Dr. Meera Joshi,4.3,Best orthopedic surgeon
Care Hospitals,Hyderabad,"₹80,000",Chemotherapy,Dr. Priya Menon,3.8,Best orthopedic surgeon
Aayush Hospitals,Rajahmundry,"₹1,00,000",Brain Surgery,Dr. Meera Joshi,3.5,Expert in cardiology
Care Hospitals,Nellore,"₹80,000",Brain Surgery,Dr. Manish Rao,3.5,Best orthopedic surgeon
Care Hospitals,Vijayawada,"₹80,000",C-Section Delivery,Dr. Ramesh Kumar,4.3,Oncology expert
Kamineni Hospitals,Visakhapatnam,"₹50,000",Brain Surgery,Dr. Sandeep Varma,4.3,Top gynecologist
Manipal Hospitals,Visakhapatnam,"₹5,00,000",Chemotherapy,Dr. Sandeep Varma,4.2,Oncology expert
Aayush Hospitals,Rajahmundry,"₹80,000",Appendix Surgery,Dr. Neha Sharma,4.2,Experienced general surgeon
Care Hospitals,Kakinada,"₹2,00,000",Appendix Surgery,Dr. Sandeep Varma,4,Renowned dermatologist
Care Hospitals,Vijayawada,"₹1,50,000",Knee Replacement,Dr. Manish Rao,3.5,Top gynecologist
Omni Hospitals,Tirupati,"₹2,00,000",Chemotherapy,Dr. Sneha Rao,4.9,Oncology expert
Andhra Hospitals,Vijayawada,"₹5,00,000",Heart Bypass Surgery,Dr. Ramesh Kumar,4,Cardiac specialist
Andhra Hospitals,Vijayawada,"₹80,000",Heart Bypass Surgery,Dr. Sandeep Varma,4.4,Renowned dermatologist
Sunshine Hospitals,Rajahmundry,"₹3,00,000",Brain Surgery,Dr. Neha Sharma,4.8,Cardiac specialist
Apollo Hospitals,Nellore,"₹1,00,000",Heart Bypass Surgery,Dr. Anand Sharma,4.1,Top gynecologist
Kamineni Hospitals,Visakhapatnam,"₹1,00,000",Skin Treatment,Dr. Meera Joshi,3.5,Renowned dermatologist
Rainbow Hospitals,Guntur,"₹1,50,000",Heart Bypass Surgery,Dr. Manish Rao,4.3,Best neurologist
Apollo Hospitals,Vijayawada,"₹5,00,000",Child Vaccination,Dr. Neha Sharma,4.9,Oncology expert
Care Hospitals,Nellore,"₹1,00,000",Angioplasty,Dr. Arjun Dev,4.8,Experienced general surgeon
Sunshine Hospitals,Hyderabad,"₹1,00,000",Heart Bypass Surgery,Dr. Sandeep Varma,4.4,Top gynecologist
Rainbow Hospitals,Hyderabad,"₹5,00,000",Heart Bypass Surgery,Dr. Ramesh Kumar,4.3,Pediatric specialist
Andhra Hospitals,Guntur,"₹2,00,000",Brain Surgery,Dr. Manish Rao,4.4,Renowned dermatologist
Rainbow Hospitals,Rajahmundry,"₹1,50,000",Chemotherapy,Dr. Neha Sharma,4.6,Best orthopedic surgeon
Care Hospitals,Rajahmundry,"₹5,00,000",Knee Replacement,Dr. Sandeep Varma,4.6,ENT Specialist
Kamineni Hospitals,Nellore,"₹3,00,000",Appendix Surgery,Dr. Sneha Rao,5,Renowned dermatologist
Apollo Hospitals,Tirupati,"₹5,00,000",Child Vaccination,Dr. Priya Menon,4.1,Experienced general surgeon
Andhra Hospitals,Tirupati,"₹80,000",Child Vaccination,Dr. Meera Joshi,4.1,Cardiac specialist
Andhra Hospitals,Nellore,"₹1,00,000",Appendix Surgery,Dr. Manish Rao,4.2,ENT Specialist
Rainbow Hospitals,Kakinada,"₹3,00,000",Chemotherapy,Dr. Sandeep Varma,4.4,Pediatric specialist
Care Hospitals,Guntur,"₹50,000",Angioplasty,Dr. Neha Sharma,4.1,Renowned dermatologist
Aayush Hospitals,Visakhapatnam,"₹5,00,000",C-Section Delivery,Dr. Sneha Rao,3.6,Best neurologist
KIMS Hospitals,Kakinada,"₹3,00,000",Skin Treatment,Dr. Neha Sharma,4.3,Cardiac specialist
Manipal Hospitals,Kakinada,"₹50,000",Ear Surgery,Dr. Anand Sharma,4.5,Top gynecologist
Aayush Hospitals,Nellore,"₹5,00,000",Angioplasty,Dr. Kavitha Reddy,3.6,Expert in cardiology
Sunshine Hospitals,Visakhapatnam,"₹50,000",Ear Surgery,Dr. Sneha Rao,4.2,ENT Specialist
Care Hospitals,Nellore,"₹80,000",Appendix Surgery,Dr. Arjun Dev,4.2,Best neurologist
Sunshine Hospitals,Kakinada,"₹2,00,000",Appendix Surgery,Dr. Manish Rao,4.8,Best orthopedic surgeon
Kamineni Hospitals,Guntur,"₹3,00,000",Angioplasty,Dr. Kavitha Reddy,4.4,Cardiac specialist
Manipal Hospitals,Tirupati,"₹3,00,000",Heart Bypass Surgery,Dr. Meera Joshi,4.6,Cardiac specialist
Sunshine Hospitals,Tirupati,"₹5,00,000",Heart Bypass Surgery,Dr. Manish Rao,3.7,Experienced general surgeon
Manipal Hospitals,Tirupati,"₹1,50,000",Angioplasty,Dr. Manish Rao,4.4,Pediatric specialist
Andhra Hospitals,Nellore,"₹1,50,000",Heart Bypass Surgery,Dr. Sneha Rao,5,Pediatric specialist
KIMS Hospitals,Tirupati,"₹50,000",Appendix Surgery,Dr. Manish Rao,4.7,Best neurologist
Sunshine Hospitals,Tirupati,"₹2,00,000",Angioplasty,Dr. Manish Rao,3.8,Expert in cardiology
Rainbow Hospitals,Nellore,"₹80,000",Appendix Surgery,Dr. Anand Sharma,4.7,Top gynecologist
Aayush Hospitals,Rajahmundry,"₹1,00,000",Ear Surgery,Dr. Priya Menon,5,ENT Specialist
Kamineni Hospitals,Vijayawada,"₹80,000",C-Section Delivery,Dr. Meera Joshi,3.8,Best orthopedic surgeon
Aayush Hospitals,Hyderabad,"₹1,00,000",Heart Bypass Surgery,Dr. Arjun Dev,3.8,Pediatric specialist
Care Hospitals,Rajahmundry,"₹50,000",Chemotherapy,Dr. Anand Sharma,4.7,Renowned dermatologist
Aayush Hospitals,Kakinada,"₹1,50,000",Child Vaccination,Dr. Neha Sharma,4.4,Oncology expert
Manipal Hospitals,Vijayawada,"₹50,000",Heart Bypass Surgery,Dr. Sandeep Varma,4.9,ENT Specialist
KIMS Hospitals,Hyderabad,"₹5,00,000",Appendix Surgery,Dr. Meera Joshi,4.8,Expert in cardiology
Manipal Hospitals,Kakinada,"₹2,00,000",Appendix Surgery,Dr. Kavitha Reddy,4.3,Renowned dermatologist
Andhra Hospitals,Tirupati,"₹50,000",Skin Treatment,Dr. Manish Rao,4.9,Pediatric specialist
Aayush Hospitals,Guntur,"₹1,00,000",Skin Treatment,Dr. Neha Sharma,4.2,Best neurologist
Sunshine Hospitals,Kakinada,"₹5,00,000",Angioplasty,Dr. Priya Menon,4.9,Renowned dermatologist
Manipal Hospitals,Visakhapatnam,"₹2,00,000",Knee Replacement,Dr. Ramesh Kumar,4.3,Pediatric specialist
Care Hospitals,Tirupati,"₹80,000",Angioplasty,Dr. Kavitha Reddy,3.6,Top gynecologist
Rainbow Hospitals,Visakhapatnam,"₹5,00,000",C-Section Delivery,Dr. Meera Joshi,4.7,Best neurologist
Manipal Hospitals,Vijayawada,"₹3,00,000",Child Vaccination,Dr. Arjun Dev,3.6,Oncology expert
Sunshine Hospitals,Tirupati,"₹1,00,000",Ear Surgery,Dr. Meera Joshi,4,Top gynecologist
Aayush Hospitals,Visakhapatnam,"₹2,00,000",Brain Surgery,Dr. Kavitha Reddy,4,Best orthopedic surgeon
Andhra Hospitals,Guntur,"₹80,000",Chemotherapy,Dr. Sandeep Varma,4.9,ENT Specialist
Aayush Hospitals,Visakhapatnam,"₹50,000",C-Section Delivery,Dr. Arjun Dev,4.5,Pediatric specialist
Kamineni Hospitals,Hyderabad,"₹1,50,000",Skin Treatment,Dr. Anand Sharma,3.7,Experienced general surgeon
Apollo Hospitals,Guntur,"₹1,00,000",Knee Replacement,Dr. Sandeep Varma,4.6,Cardiac specialist
Care Hospitals,Vijayawada,"₹1,50,000",Skin Treatment,Dr. Neha Sharma,3.8,Experienced general surgeon
Aayush Hospitals,Nellore,"₹2,00,000",C-Section Delivery,Dr. Arjun Dev,4.6,Best neurologist
Apollo Hospitals,Nellore,"₹3,00,000",Knee Replacement,Dr. Neha Sharma,4.4,Cardiac specialist
Andhra Hospitals,Nellore,"₹3,00,000",Heart Bypass Surgery,Dr. Arjun Dev,3.7,Top gynecologist
Care Hospitals,Kakinada,"₹1,00,000",Child Vaccination,Dr. Manish Rao,4.3,ENT Specialist
Manipal Hospitals,Rajahmundry,"₹1,50,000",Brain Surgery,Dr. Manish Rao,3.6,Best neurologist
KIMS Hospitals,Hyderabad,"₹3,00,000",Knee Replacement,Dr. Priya Menon,4.5,Renowned dermatologist
Apollo Hospitals,Vijayawada,"₹1,50,000",Angioplasty,Dr. Ramesh Kumar,4.1,Experienced general surgeon
Care Hospitals,Kakinada,"₹2,00,000",Angioplasty,Dr. Neha Sharma,3.5,Expert in cardiology
Sunshine Hospitals,Guntur,"₹80,000",Appendix Surgery,Dr. Manish Rao,4,Renowned dermatologist
Andhra Hospitals,Rajahmundry,"₹1,00,000",Heart Bypass Surgery,Dr. Kavitha Reddy,4.6,Expert in cardiology
Rainbow Hospitals,Kakinada,"₹50,000",Child Vaccination,Dr. Priya Menon,3.9,Best orthopedic surgeon
KIMS Hospitals,Kakinada,"₹1,50,000",Skin Treatment,Dr. Sandeep Varma,3.6,Oncology expert
Omni Hospitals,Nellore,"₹3,00,000",Skin Treatment,Dr. Anand Sharma,4.5,Expert in cardiology
Sunshine Hospitals,Guntur,"₹80,000",Ear Surgery,Dr. Sneha Rao,4.4,Expert in cardiology
Sunshine Hospitals,Tirupati,"₹80,000",Brain Surgery,Dr. Meera Joshi,4.4,Top gynecologist
Omni Hospitals,Nellore,"₹50,000",Chemotherapy,Dr. Meera Joshi,4,Expert in cardiology
Aayush Hospitals,Tirupati,"₹80,000",Appendix Surgery,Dr. Kavitha Reddy,4.8,Best orthopedic surgeon
Manipal Hospitals,Guntur,"₹80,000",Skin Treatment,Dr. Neha Sharma,4.7,Cardiac specialist
Kamineni Hospitals,Hyderabad,"₹1,50,000",Heart Bypass Surgery,Dr. Kavitha Reddy,3.5,ENT Specialist
Kamineni Hospitals,Kakinada,"₹5,00,000",Ear Surgery,Dr. Meera Joshi,4,Experienced general surgeon
Sunshine Hospitals,Guntur,"₹3,00,000",Skin Treatment,Dr. Priya Menon,4.6,Experienced general surgeon
Apollo Hospitals,Guntur,"₹2,00,000",Child Vaccination,Dr. Meera Joshi,4.7,Best orthopedic surgeon
Andhra Hospitals,Hyderabad,"₹80,000",Chemotherapy,Dr. Manish Rao,4,Best orthopedic surgeon
Apollo Hospitals,Tirupati,"₹1,50,000",Appendix Surgery,Dr. Kavitha Reddy,3.6,Best orthopedic surgeon
KIMS Hospitals,Hyderabad,"₹50,000",Heart Bypass Surgery,Dr. Manish Rao,4.1,Renowned dermatologist
Andhra Hospitals,Guntur,"₹3,00,000",Knee Replacement,Dr. Anand Sharma,4.5,Experienced general surgeon
Omni Hospitals,Nellore,"₹5,00,000",Chemotherapy,Dr. Arjun Dev,4.2,Oncology expert
Sunshine Hospitals,Kakinada,"₹1,00,000",Skin Treatment,Dr. Sneha Rao,4.3,Pediatric specialist
Omni Hospitals,Visakhapatnam,"₹2,00,000",Skin Treatment,Dr. Kavitha Reddy,3.9,Best neurologist
Apollo Hospitals,Rajahmundry,"₹50,000",Chemotherapy,Dr. Sandeep Varma,4.7,Renowned dermatologist
Rainbow Hospitals,Hyderabad,"₹1,00,000",Chemotherapy,Dr. Kavitha Reddy,3.7,Cardiac specialist
Sunshine Hospitals,Guntur,"₹3,00,000",C-Section Delivery,Dr. Arjun Dev,3.9,Experienced general surgeon
KIMS Hospitals,Visakhapatnam,"₹3,00,000",Brain Surgery,Dr. Meera Joshi,4.1,Experienced general surgeon
Manipal Hospitals,Guntur,"₹1,50,000",Chemotherapy,Dr. Anand Sharma,4.9,Experienced general surgeon
Andhra Hospitals,Visakhapatnam,"₹1,50,000",Appendix Surgery,Dr. Anand Sharma,4.9,Top gynecologist
KIMS Hospitals,Guntur,"₹80,000",Angioplasty,Dr. Sneha Rao,3.6,Experienced general surgeon
KIMS Hospitals,Nellore,"₹80,000",C-Section Delivery,Dr. Priya Menon,3.9,Renowned dermatologist
KIMS Hospitals,Visakhapatnam,"₹2,00,000",Appendix Surgery,Dr. Anand Sharma,4.3,Best neurologist
Rainbow Hospitals,Rajahmundry,"₹50,000",Appendix Surgery,Dr. Anand Sharma,4.2,Cardiac specialist
KIMS Hospitals,Vijayawada,"₹2,00,000",Heart Bypass Surgery,Dr. Sandeep Varma,4.7,Cardiac specialist
Apollo Hospitals,Nellore,"₹5,00,000",Appendix Surgery,Dr. Priya Menon,4.6,Cardiac specialist
Kamineni Hospitals,Nellore,"₹5,00,000",Brain Surgery,Dr. Arjun Dev,3.8,Oncology expert
Manipal Hospitals,Rajahmundry,"₹50,000",C-Section Delivery,Dr. Meera Joshi,4.7,Experienced general surgeon
Rainbow Hospitals,Guntur,"₹3,00,000",Heart Bypass Surgery,Dr. Arjun Dev,4.6,Renowned dermatologist
KIMS Hospitals,Kakinada,"₹2,00,000",Angioplasty,Dr. Anand Sharma,5,Pediatric specialist
Sunshine Hospitals,Hyderabad,"₹3,00,000",Skin Treatment,Dr. Ramesh Kumar,4.2,ENT Specialist
Andhra Hospitals,Kakinada,"₹3,00,000",Ear Surgery,Dr. Sneha Rao,4.3,Oncology expert
KIMS Hospitals,Tirupati,"₹3,00,000",Chemotherapy,Dr. Manish Rao,4.7,Best orthopedic surgeon
KIMS Hospitals,Hyderabad,"₹5,00,000",Ear Surgery,Dr. Kavitha Reddy,4,Cardiac specialist
Kamineni Hospitals,Rajahmundry,"₹5,00,000",Heart Bypass Surgery,Dr. Ramesh Kumar,4.3,Renowned dermatologist
Manipal Hospitals,Visakhapatnam,"₹5,00,000",C-Section Delivery,Dr. Arjun Dev,4.7,Cardiac specialist
Kamineni Hospitals,Vijayawada,"₹2,00,000",Brain Surgery,Dr. Arjun Dev,4.3,Best neurologist
Care Hospitals,Tirupati,"₹5,00,000",Heart Bypass Surgery,Dr. Kavitha Reddy,4.8,Best orthopedic surgeon
Rainbow Hospitals,Tirupati,"₹1,00,000",Appendix Surgery,Dr. Neha Sharma,4.9,Top gynecologist
Rainbow Hospitals,Hyderabad,"₹50,000",Appendix Surgery,Dr. Meera Joshi,3.9,ENT Specialist
Manipal Hospitals,Nellore,"₹80,000",Angioplasty,Dr. Meera Joshi,3.9,Renowned dermatologist
Rainbow Hospitals,Tirupati,"₹1,00,000",Skin Treatment,Dr. Manish Rao,4,Best neurologist
Kamineni Hospitals,Tirupati,"₹1,00,000",C-Section Delivery,Dr. Sandeep Varma,3.9,Cardiac specialist
Andhra Hospitals,Vijayawada,"₹1,50,000",Appendix Surgery,Dr. Manish Rao,4.6,Renowned dermatologist
Sunshine Hospitals,Vijayawada,"₹50,000",Angioplasty,Dr. Sandeep Varma,4.9,Top gynecologist
Care Hospitals,Kakinada,"₹1,50,000",C-Section Delivery,Dr. Meera Joshi,4.6,Renowned dermatologist
Omni Hospitals,Kakinada,"₹80,000",Chemotherapy,Dr. Anand Sharma,3.8,Best orthopedic surgeon
Andhra Hospitals,Visakhapatnam,"₹1,50,000",Skin Treatment,Dr. Kavitha Reddy,3.8,Experienced general surgeon
Sunshine Hospitals,Hyderabad,"₹50,000",C-Section Delivery,Dr. Meera Joshi,4.5,Expert in cardiology
Omni Hospitals,Kakinada,"₹5,00,000",Appendix Surgery,Dr. Sandeep Varma,3.7,ENT Specialist
Omni Hospitals,Nellore,"₹2,00,000",Ear Surgery,Dr. Ramesh Kumar,3.8,Best orthopedic surgeon
Manipal Hospitals,Vijayawada,"₹1,50,000",Chemotherapy,Dr. Kavitha Reddy,3.9,Experienced general surgeon
Care Hospitals,Tirupati,"₹5,00,000",Appendix Surgery,Dr. Kavitha Reddy,3.6,Expert in cardiology
Care Hospitals,Tirupati,"₹80,000",Child Vaccination,Dr. Priya Menon,4.3,Best neurologist
KIMS Hospitals,Vijayawada,"₹3,00,000",Knee Replacement,Dr. Ramesh Kumar,3.7,Pediatric specialist
Care Hospitals,Vijayawada,"₹2,00,000",Angioplasty,Dr. Kavitha Reddy,4.4,Oncology expert
Care Hospitals,Vijayawada,"₹1,50,000",Brain Surgery,Dr. Manish Rao,3.7,Cardiac specialist
Aayush Hospitals,Vijayawada,"₹5,00,000",Skin Treatment,Dr. Ramesh Kumar,3.8,Best orthopedic surgeon
Manipal Hospitals,Rajahmundry,"₹3,00,000",Chemotherapy,Dr. Anand Sharma,3.6,Best neurologist
Apollo Hospitals,Tirupati,"₹80,000",Angioplasty,Dr. Manish Rao,4,Renowned dermatologist
Aayush Hospitals,Visakhapatnam,"₹2,00,000",Ear Surgery,Dr. Ramesh Kumar,4.1,Renowned dermatologist
Apollo Hospitals,Kakinada,"₹3,00,000",Chemotherapy,Dr. Sandeep Varma,4,Renowned dermatologist
KIMS Hospitals,Kakinada,"₹80,000",Chemotherapy,Dr. Ramesh Kumar,3.7,Oncology expert
Kamineni Hospitals,Kakinada,"₹80,000",Angioplasty,Dr. Arjun Dev,4.4,Best orthopedic surgeon
Rainbow Hospitals,Visakhapatnam,"₹1,50,000",Angioplasty,Dr. Anand Sharma,4.7,ENT Specialist
Andhra Hospitals,Nellore,"₹2,00,000",Angioplasty,Dr. Arjun Dev,4.7,ENT Specialist
KIMS Hospitals,Vijayawada,"₹1,00,000",Child Vaccination,Dr. Arjun Dev,4.1,Top gynecologist
Kamineni Hospitals,Hyderabad,"₹80,000",Appendix Surgery,Dr. Meera Joshi,4.9,Best orthopedic surgeon
Manipal Hospitals,Nellore,"₹5,00,000",Appendix Surgery,Dr. Priya Menon,4.2,Oncology expert
Andhra Hospitals,Nellore,"₹5,00,000",Skin Treatment,Dr. Anand Sharma,3.6,Experienced general surgeon
KIMS Hospitals,Vijayawada,"₹5,00,000",Chemotherapy,Dr. Ramesh Kumar,4,Pediatric specialist
Sunshine Hospitals,Vijayawada,"₹2,00,000",Heart Bypass Surgery,Dr. Manish Rao,3.7,Pediatric specialist
Aayush Hospitals,Tirupati,"₹2,00,000",Angioplasty,Dr. Anand Sharma,4.6,ENT Specialist
Omni Hospitals,Hyderabad,"₹5,00,000",Child Vaccination,Dr. Sandeep Varma,4.7,Expert in cardiology
Aayush Hospitals,Hyderabad,"₹3,00,000",Brain Surgery,Dr. Sneha Rao,4.9,Best neurologist
Care Hospitals,Rajahmundry,"₹1,50,000",C-Section Delivery,Dr. Sneha Rao,3.9,Expert in cardiology
KIMS Hospitals,Kakinada,"₹2,00,000",Knee Replacement,Dr. Sandeep Varma,4.2,Pediatric specialist
Apollo Hospitals,Kakinada,"₹3,00,000",Appendix Surgery,Dr. Priya Menon,4.3,Renowned dermatologist
Aayush Hospitals,Guntur,"₹2,00,000",Chemotherapy,Dr. Anand Sharma,4.9,Renowned dermatologist
Manipal Hospitals,Tirupati,"₹1,50,000",Brain Surgery,Dr. Sandeep Varma,4.4,Expert in cardiology
KIMS Hospitals,Guntur,"₹1,00,000",Chemotherapy,Dr. Arjun Dev,4.7,Oncology expert
Rainbow Hospitals,Visakhapatnam,"₹50,000",Ear Surgery,Dr. Ramesh Kumar,4,Expert in cardiology
Kamineni Hospitals,Rajahmundry,"₹2,00,000",Brain Surgery,Dr. Sandeep Varma,4.5,Best orthopedic surgeon
Manipal Hospitals,Hyderabad,"₹5,00,000",Knee Replacement,Dr. Meera Joshi,4.2,Experienced general surgeon
Apollo Hospitals,Rajahmundry,"₹5,00,000",Knee Replacement,Dr. Sneha Rao,4.8,Top gynecologist
KIMS Hospitals,Rajahmundry,"₹80,000",Child Vaccination,Dr. Arjun Dev,4.2,Expert in cardiology
Omni Hospitals,Visakhapatnam,"₹5,00,000",Child Vaccination,Dr. Sandeep Varma,3.7,Experienced general surgeon
Sunshine Hospitals,Rajahmundry,"₹3,00,000",Brain Surgery,Dr. Arjun Dev,4.1,Experienced general surgeon
Aayush Hospitals,Tirupati,"₹50,000",Knee Replacement,Dr. Priya Menon,4.7,Top gynecologist
Omni Hospitals,Tirupati,"₹3,00,000",Brain Surgery,Dr. Manish Rao,3.8,ENT Specialist
KIMS Hospitals,Kakinada,"₹1,00,000",Angioplasty,Dr. Priya Menon,4,Top gynecologist
Andhra Hospitals,Kakinada,"₹5,00,000",C-Section Delivery,Dr. Manish Rao,3.7,Expert in cardiology
Kamineni Hospitals,Hyderabad,"₹3,00,000",Skin Treatment,Dr. Sandeep Varma,4.2,ENT Specialist
Rainbow Hospitals,Tirupati,"₹1,00,000",Knee Replacement,Dr. Neha Sharma,4.2,Best orthopedic surgeon
Aayush Hospitals,Vijayawada,"₹80,000",C-Section Delivery,Dr. Sandeep Varma,3.7,Cardiac specialist
Sunshine Hospitals,Guntur,"₹5,00,000",Knee Replacement,Dr. Ramesh Kumar,4.4,Renowned dermatologist
Omni Hospitals,Tirupati,"₹3,00,000",C-Section Delivery,Dr. Meera Joshi,3.6,Top gynecologist
Rainbow Hospitals,Tirupati,"₹80,000",Knee Replacement,Dr. Ramesh Kumar,3.5,Pediatric specialist
KIMS Hospitals,Nellore,"₹80,000",Child Vaccination,Dr. Arjun Dev,4.1,Cardiac specialist
Andhra Hospitals,Tirupati,"₹80,000",Ear Surgery,Dr. Anand Sharma,5,Cardiac specialist
Andhra Hospitals,Vijayawada,"₹5,00,000",Ear Surgery,Dr. Priya Menon,4.8,Best neurologist
Rainbow Hospitals,Vijayawada,"₹5,00,000",Skin Treatment,Dr. Sneha Rao,4.3,Cardiac specialist
Kamineni Hospitals,Visakhapatnam,"₹1,50,000",Child Vaccination,Dr. Meera Joshi,4.7,Renowned dermatologist
Aayush Hospitals,Hyderabad,"₹5,00,000",Brain Surgery,Dr. Sandeep Varma,4.7,Best neurologist
Andhra Hospitals,Kakinada,"₹5,00,000",Skin Treatment,Dr. Manish Rao,3.6,Oncology expert
Rainbow Hospitals,Visakhapatnam,"₹2,00,000",Skin Treatment,Dr. Anand Sharma,4.9,Best neurologist
Apollo Hospitals,Rajahmundry,"₹80,000",Heart Bypass Surgery,Dr. Priya Menon,3.9,Cardiac specialist
KIMS Hospitals,Visakhapatnam,"₹3,00,000",Ear Surgery,Dr. Sandeep Varma,4.3,Experienced general surgeon
Care Hospitals,Nellore,"₹5,00,000",Chemotherapy,Dr. Ramesh Kumar,3.8,ENT Specialist
Rainbow Hospitals,Vijayawada,"₹1,50,000",Angioplasty,Dr. Priya Menon,3.5,Best orthopedic surgeon
Manipal Hospitals,Hyderabad,"₹50,000",Chemotherapy,Dr. Arjun Dev,4.3,Best orthopedic surgeon
Apollo Hospitals,Visakhapatnam,"₹2,00,000",Angioplasty,Dr. Anand Sharma,3.7,Best neurologist
Manipal Hospitals,Nellore,"₹80,000",C-Section Delivery,Dr. Arjun Dev,3.7,Experienced general surgeon
Apollo Hospitals,Hyderabad,"₹1,50,000",C-Section Delivery,Dr. Ramesh Kumar,4.8,Renowned dermatologist
Rainbow Hospitals,Kakinada,"₹50,000",Brain Surgery,Dr. Anand Sharma,3.6,Renowned dermatologist
KIMS Hospitals,Nellore,"₹2,00,000",Appendix Surgery,Dr. Sneha Rao,4.7,Cardiac specialist
Andhra Hospitals,Vijayawada,"₹80,000",Ear Surgery,Dr. Sneha Rao,3.9,Expert in cardiology
Sunshine Hospitals,Hyderabad,"₹5,00,000",Heart Bypass Surgery,Dr. Manish Rao,4.4,Best orthopedic surgeon
Andhra Hospitals,Guntur,"₹5,00,000",Chemotherapy,Dr. Manish Rao,3.8,Oncology expert
Sunshine Hospitals,Hyderabad,"₹1,50,000",Angioplasty,Dr. Manish Rao,4.5,Top gynecologist
Rainbow Hospitals,Kakinada,"₹80,000",Child Vaccination,Dr. Manish Rao,4.9,Expert in cardiology
Kamineni Hospitals,Kakinada,"₹1,50,000",Knee Replacement,Dr. Sandeep Varma,4.2,Cardiac specialist
KIMS Hospitals,Visakhapatnam,"₹1,00,000",Child Vaccination,Dr. Priya Menon,3.8,Top gynecologist
KIMS Hospitals,Kakinada,"₹80,000",Heart Bypass Surgery,Dr. Ramesh Kumar,4.5,Experienced general surgeon
Omni Hospitals,Visakhapatnam,"₹1,50,000",Heart Bypass Surgery,Dr. Ramesh Kumar,4.9,Oncology expert
KIMS Hospitals,Vijayawada,"₹2,00,000",Knee Replacement,Dr. Neha Sharma,3.7,Cardiac specialist
Andhra Hospitals,Guntur,"₹1,00,000",Ear Surgery,Dr. Manish Rao,4.5,Renowned dermatologist
Aayush Hospitals,Tirupati,"₹80,000",Knee Replacement,Dr. Arjun Dev,4.2,Oncology expert
Sunshine Hospitals,Rajahmundry,"₹3,00,000",Brain Surgery,Dr. Manish Rao,4.8,ENT Specialist
Kamineni Hospitals,Tirupati,"₹80,000",Ear Surgery,Dr. Anand Sharma,4.3,Best orthopedic surgeon
Sunshine Hospitals,Kakinada,"₹1,00,000",Heart Bypass Surgery,Dr. Kavitha Reddy,4.9,Best orthopedic surgeon
Manipal Hospitals,Kakinada,"₹1,00,000",Skin Treatment,Dr. Meera Joshi,3.6,Oncology expert
Aayush Hospitals,Tirupati,"₹5,00,000",Skin Treatment,Dr. Ramesh Kumar,4.5,Oncology expert
Manipal Hospitals,Rajahmundry,"₹80,000",Angioplasty,Dr. Priya Menon,3.7,Oncology expert
Aayush Hospitals,Visakhapatnam,"₹3,00,000",Brain Surgery,Dr. Kavitha Reddy,4.3,Experienced general surgeon
Omni Hospitals,Hyderabad,"₹1,00,000",Heart Bypass Surgery,Dr. Sandeep Varma,4.2,Pediatric specialist
Manipal Hospitals,Guntur,"₹1,50,000",Brain Surgery,Dr. Manish Rao,4.7,Best neurologist
Care Hospitals,Vijayawada,"₹1,00,000",Knee Replacement,Dr. Kavitha Reddy,4,Pediatric specialist
Apollo Hospitals,Vijayawada,"₹1,00,000",Appendix Surgery,Dr. Sneha Rao,3.7,Pediatric specialist
Andhra Hospitals,Nellore,"₹80,000",Appendix Surgery,Dr. Ramesh Kumar,4.9,Renowned dermatologist
Sunshine Hospitals,Nellore,"₹2,00,000",Child Vaccination,Dr. Anand Sharma,3.7,Best neurologist
Aayush Hospitals,Tirupati,"₹1,50,000",Brain Surgery,Dr. Sneha Rao,4.8,Cardiac specialist
Aayush Hospitals,Vijayawada,"₹3,00,000",Skin Treatment,Dr. Anand Sharma,4.2,ENT Specialist
Andhra Hospitals,Hyderabad,"₹50,000",Ear Surgery,Dr. Sneha Rao,3.8,Best neurologist
Kamineni Hospitals,Visakhapatnam,"₹5,00,000",C-Section Delivery,Dr. Sandeep Varma,4.3,Top gynecologist
Apollo Hospitals,Rajahmundry,"₹2,00,000",Heart Bypass Surgery,Dr. Arjun Dev,4,Oncology expert
Aayush Hospitals,Kakinada,"₹80,000",Knee Replacement,Dr. Priya Menon,4.6,Experienced general surgeon
Care Hospitals,Tirupati,"₹1,50,000",Appendix Surgery,Dr. Anand Sharma,3.9,Top gynecologist
Aayush Hospitals,Visakhapatnam,"₹3,00,000",Brain Surgery,Dr. Ramesh Kumar,4.2,ENT Specialist
Care Hospitals,Vijayawada,"₹3,00,000",C-Section Delivery,Dr. Meera Joshi,3.8,Pediatric specialist
Kamineni Hospitals,Kakinada,"₹2,00,000",Chemotherapy,Dr. Neha Sharma,4.5,Best neurologist
Apollo Hospitals,Rajahmundry,"₹80,000",Skin Treatment,Dr. Anand Sharma,3.6,Best orthopedic surgeon
Sunshine Hospitals,Nellore,"₹5,00,000",Knee Replacement,Dr. Anand Sharma,4.7,Expert in cardiology
KIMS Hospitals,Nellore,"₹2,00,000",Skin Treatment,Dr. Sneha Rao,3.8,Renowned dermatologist
Omni Hospitals,Vijayawada,"₹1,00,000",Brain Surgery,Dr. Neha Sharma,4.5,Best orthopedic surgeon
Aayush Hospitals,Rajahmundry,"₹1,00,000",C-Section Delivery,Dr. Sandeep Varma,3.5,ENT Specialist
Rainbow Hospitals,Tirupati,"₹50,000",Angioplasty,Dr. Anand Sharma,4.6,Oncology expert
Sunshine Hospitals,Kakinada,"₹5,00,000",Child Vaccination,Dr. Anand Sharma,4.2,Cardiac specialist
Manipal Hospitals,Rajahmundry,"₹5,00,000",Child Vaccination,Dr. Ramesh Kumar,4.5,Expert in cardiology
Rainbow Hospitals,Rajahmundry,"₹1,50,000",Brain Surgery,Dr. Arjun Dev,4.3,Best orthopedic surgeon
Omni Hospitals,Nellore,"₹5,00,000",Chemotherapy,Dr. Sneha Rao,4.8,Top gynecologist
Andhra Hospitals,Guntur,"₹1,00,000",Chemotherapy,Dr. Ramesh Kumar,4.5,Pediatric specialist
Rainbow Hospitals,Tirupati,"₹2,00,000",Skin Treatment,Dr. Arjun Dev,3.5,Best orthopedic surgeon
KIMS Hospitals,Guntur,"₹1,50,000",C-Section Delivery,Dr. Kavitha Reddy,4,ENT Specialist
KIMS Hospitals,Tirupati,"₹50,000",Knee Replacement,Dr. Sandeep Varma,4,Oncology expert
Andhra Hospitals,Kakinada,"₹2,00,000",Angioplasty,Dr. Kavitha Reddy,4.4,Best neurologist
Omni Hospitals,Nellore,"₹1,00,000",Skin Treatment,Dr. Anand Sharma,5,ENT Specialist
Care Hospitals,Tirupati,"₹5,00,000",Angioplasty,Dr. Manish Rao,3.9,Renowned dermatologist
Sunshine Hospitals,Rajahmundry,"₹2,00,000",C-Section Delivery,Dr. Neha Sharma,3.9,Oncology expert
Manipal Hospitals,Rajahmundry,"₹1,00,000",Skin Treatment,Dr. Sneha Rao,3.6,ENT Specialist
KIMS Hospitals,Tirupati,"₹2,00,000",Ear Surgery,Dr. Sandeep Varma,3.5,Expert in cardiology
Care Hospitals,Guntur,"₹1,50,000",C-Section Delivery,Dr. Arjun Dev,4.1,Cardiac specialist
Rainbow Hospitals,Nellore,"₹1,00,000",Ear Surgery,Dr. Manish Rao,4,Best neurologist
Andhra Hospitals,Nellore,"₹80,000",Skin Treatment,Dr. Anand Sharma,3.8,Pediatric specialist
Sunshine Hospitals,Vijayawada,"₹2,00,000",Heart Bypass Surgery,Dr. Arjun Dev,5,Pediatric specialist
Care Hospitals,Kakinada,"₹1,00,000",Ear Surgery,Dr. Ramesh Kumar,3.9,ENT Specialist
KIMS Hospitals,Hyderabad,"₹50,000",Brain Surgery,Dr. Kavitha Reddy,4.2,Renowned dermatologist
Care Hospitals,Rajahmundry,"₹5,00,000",Chemotherapy,Dr. Priya Menon,4.1,Best neurologist
Kamineni Hospitals,Guntur,"₹1,50,000",C-Section Delivery,Dr. Kavitha Reddy,3.8,Experienced general surgeon
Manipal Hospitals,Nellore,"₹1,50,000",Skin Treatment,Dr. Anand Sharma,3.8,ENT Specialist
KIMS Hospitals,Hyderabad,"₹80,000",C-Section Delivery,Dr. Sneha Rao,4.4,Experienced general surgeon
Sunshine Hospitals,Nellore,"₹1,50,000",C-Section Delivery,Dr. Neha Sharma,4.3,Top gynecologist
Manipal Hospitals,Hyderabad,"₹5,00,000",Chemotherapy,Dr. Ramesh Kumar,4.1,Cardiac specialist
Omni Hospitals,Vijayawada,"₹1,00,000",Heart Bypass Surgery,Dr. Ramesh Kumar,4.9,Best orthopedic surgeon
Care Hospitals,Hyderabad,"₹80,000",Chemotherapy,Dr. Meera Joshi,4.8,Oncology expert
Manipal Hospitals,Hyderabad,"₹5,00,000",Knee Replacement,Dr. Sandeep Varma,4.7,Renowned dermatologist
Omni Hospitals,Visakhapatnam,"₹80,000",C-Section Delivery,Dr. Meera Joshi,4.9,Best orthopedic surgeon
Sunshine Hospitals,Visakhapatnam,"₹1,50,000",Appendix Surgery,Dr. Ramesh Kumar,4.7,Top gynecologist
Manipal Hospitals,Vijayawada,"₹3,00,000",Angioplasty,Dr. Manish Rao,4.8,Renowned dermatologist
Manipal Hospitals,Rajahmundry,"₹50,000",Child Vaccination,Dr. Meera Joshi,3.9,Oncology expert
Andhra Hospitals,Visakhapatnam,"₹3,00,000",Chemotherapy,Dr. Sneha Rao,3.8,Pediatric specialist
Rainbow Hospitals,Nellore,"₹5,00,000",Heart Bypass Surgery,Dr. Priya Menon,4.3,Oncology expert
Omni Hospitals,Rajahmundry,"₹1,50,000",Child Vaccination,Dr. Priya Menon,3.8,Pediatric specialist
Omni Hospitals,Visakhapatnam,"₹50,000",Chemotherapy,Dr. Priya Menon,3.6,Pediatric specialist
Kamineni Hospitals,Nellore,"₹1,50,000",Angioplasty,Dr. Manish Rao,5,Renowned dermatologist
Omni Hospitals,Rajahmundry,"₹2,00,000",Heart Bypass Surgery,Dr. Kavitha Reddy,3.8,Top gynecologist
Rainbow Hospitals,Tirupati,"₹2,00,000",Knee Replacement,Dr. Ramesh Kumar,4.3,Pediatric specialist
Kamineni Hospitals,Guntur,"₹1,50,000",Knee Replacement,Dr. Sneha Rao,4.6,Best orthopedic surgeon
Rainbow Hospitals,Nellore,"₹3,00,000",Child Vaccination,Dr. Manish Rao,4.9,ENT Specialist
Omni Hospitals,Kakinada,"₹3,00,000",Chemotherapy,Dr. Ramesh Kumar,3.7,Experienced general surgeon
Aayush Hospitals,Tirupati,"₹1,50,000",C-Section Delivery,Dr. Sandeep Varma,3.9,Pediatric specialist
Apollo Hospitals,Guntur,"₹5,00,000",Chemotherapy,Dr. Arjun Dev,4.2,Cardiac specialist
KIMS Hospitals,Hyderabad,"₹1,50,000",Knee Replacement,Dr. Priya Menon,4.9,Best orthopedic surgeon
Rainbow Hospitals,Rajahmundry,"₹80,000",Appendix Surgery,Dr. Kavitha Reddy,4.3,Pediatric specialist
Andhra Hospitals,Guntur,"₹5,00,000",Chemotherapy,Dr. Sandeep Varma,4.3,Oncology expert
Omni Hospitals,Tirupati,"₹1,00,000",Ear Surgery,Dr. Sneha Rao,4.4,Best neurologist
Rainbow Hospitals,Guntur,"₹5,00,000",Chemotherapy,Dr. Priya Menon,4.5,Top gynecologist
Andhra Hospitals,Visakhapatnam,"₹1,00,000",C-Section Delivery,Dr. Manish Rao,3.8,Cardiac specialist
Rainbow Hospitals,Hyderabad,"₹5,00,000",Angioplasty,Dr. Anand Sharma,4.2,Best neurologist
Sunshine Hospitals,Visakhapatnam,"₹2,00,000",Ear Surgery,Dr. Kavitha Reddy,3.9,Renowned dermatologist
Apollo Hospitals,Kakinada,"₹80,000",Heart Bypass Surgery,Dr. Manish Rao,3.7,Pediatric specialist
Care Hospitals,Nellore,"₹80,000",Knee Replacement,Dr. Arjun Dev,4.3,Best orthopedic surgeon
Rainbow Hospitals,Hyderabad,"₹1,50,000",Chemotherapy,Dr. Ramesh Kumar,3.8,Best neurologist
Sunshine Hospitals,Nellore,"₹3,00,000",C-Section Delivery,Dr. Meera Joshi,3.5,Expert in cardiology
KIMS Hospitals,Guntur,"₹80,000",Ear Surgery,Dr. Meera Joshi,4.3,Top gynecologist
Sunshine Hospitals,Guntur,"₹1,00,000",C-Section Delivery,Dr. Sandeep Varma,4.5,Pediatric specialist
Andhra Hospitals,Kakinada,"₹3,00,000",Brain Surgery,Dr. Meera Joshi,4.8,ENT Specialist
Manipal Hospitals,Nellore,"₹80,000",Ear Surgery,Dr. Anand Sharma,4.3,Renowned dermatologist
Manipal Hospitals,Hyderabad,"₹1,50,000",Appendix Surgery,Dr. Kavitha Reddy,3.7,Experienced general surgeon
Sunshine Hospitals,Kakinada,"₹1,50,000",Appendix Surgery,Dr. Ramesh Kumar,3.7,Cardiac specialist
Sunshine Hospitals,Guntur,"₹80,000",Brain Surgery,Dr. Kavitha Reddy,3.9,Experienced general surgeon
Manipal Hospitals,Vijayawada,"₹80,000",Angioplasty,Dr. Meera Joshi,4.5,Expert in cardiology
Kamineni Hospitals,Guntur,"₹3,00,000",Ear Surgery,Dr. Sandeep Varma,4.7,Best orthopedic surgeon
Andhra Hospitals,Kakinada,"₹1,50,000",Appendix Surgery,Dr. Ramesh Kumar,3.7,Oncology expert
KIMS Hospitals,Nellore,"₹80,000",Heart Bypass Surgery,Dr. Arjun Dev,4.4,Oncology expert
Sunshine Hospitals,Rajahmundry,"₹1,50,000",Angioplasty,Dr. Sneha Rao,3.7,Top gynecologist
Omni Hospitals,Nellore,"₹1,00,000",Angioplasty,Dr. Manish Rao,4.6,Best neurologist
Kamineni Hospitals,Tirupati,"₹50,000",Knee Replacement,Dr. Ramesh Kumar,3.7,Best neurologist
Manipal Hospitals,Nellore,"₹3,00,000",Heart Bypass Surgery,Dr. Kavitha Reddy,4.5,Pediatric specialist
KIMS Hospitals,Tirupati,"₹80,000",Ear Surgery,Dr. Neha Sharma,4.3,Experienced general surgeon
Omni Hospitals,Tirupati,"₹2,00,000",Brain Surgery,Dr. Arjun Dev,4.2,Renowned dermatologist
Kamineni Hospitals,Nellore,"₹5,00,000",Angioplasty,Dr. Sandeep Varma,4.2,Cardiac specialist
Care Hospitals,Visakhapatnam,"₹1,00,000",Skin Treatment,Dr. Sneha Rao,4.7,Pediatric specialist
Andhra Hospitals,Vijayawada,"₹80,000",Heart Bypass Surgery,Dr. Sandeep Varma,4.7,Top gynecologist
Omni Hospitals,Kakinada,"₹80,000",Ear Surgery,Dr. Manish Rao,4.5,Pediatric specialist
Rainbow Hospitals,Vijayawada,"₹1,00,000",Brain Surgery,Dr. Meera Joshi,4,Top gynecologist
Aayush Hospitals,Kakinada,"₹80,000",Knee Replacement,Dr. Priya Menon,4.2,ENT Specialist
Sunshine Hospitals,Hyderabad,"₹1,00,000",Child Vaccination,Dr. Neha Sharma,4,Cardiac specialist
Omni Hospitals,Rajahmundry,"₹1,00,000",Brain Surgery,Dr. Sandeep Varma,4.7,Best neurologist
Manipal Hospitals,Kakinada,"₹1,00,000",Heart Bypass Surgery,Dr. Arjun Dev,4,Renowned dermatologist
Manipal Hospitals,Hyderabad,"₹2,00,000",Skin Treatment,Dr. Priya Menon,4.7,ENT Specialist
Kamineni Hospitals,Nellore,"₹50,000",Knee Replacement,Dr. Sneha Rao,4.7,Pediatric specialist
Andhra Hospitals,Visakhapatnam,"₹50,000",Child Vaccination,Dr. Meera Joshi,4.1,Oncology expert
Manipal Hospitals,Nellore,"₹3,00,000",Chemotherapy,Dr. Manish Rao,4.6,Experienced general surgeon
Andhra Hospitals,Tirupati,"₹1,00,000",C-Section Delivery,Dr. Sandeep Varma,4.2,Renowned dermatologist
KIMS Hospitals,Visakhapatnam,"₹2,00,000",Skin Treatment,Dr. Sneha Rao,3.6,Experienced general surgeon
Sunshine Hospitals,Visakhapatnam,"₹2,00,000",Angioplasty,Dr. Ramesh Kumar,3.9,Top gynecologist
Omni Hospitals,Visakhapatnam,"₹80,000",Heart Bypass Surgery,Dr. Ramesh Kumar,4.6,Best neurologist
Rainbow Hospitals,Kakinada,"₹50,000",Heart Bypass Surgery,Dr. Sneha Rao,4.2,Pediatric specialist
Aayush Hospitals,Hyderabad,"₹5,00,000",Chemotherapy,Dr. Sneha Rao,3.6,Expert in cardiology
Kamineni Hospitals,Vijayawada,"₹80,000",Angioplasty,Dr. Neha Sharma,3.6,Cardiac specialist
Rainbow Hospitals,Hyderabad,"₹50,000",Skin Treatment,Dr. Meera Joshi,4.5,Expert in cardiology
Kamineni Hospitals,Visakhapatnam,"₹50,000",Skin Treatment,Dr. Kavitha Reddy,3.9,Top gynecologist
Care Hospitals,Rajahmundry,"₹80,000",Child Vaccination,Dr. Arjun Dev,3.9,Cardiac specialist
Kamineni Hospitals,Vijayawada,"₹1,00,000",C-Section Delivery,Dr. Arjun Dev,3.5,Cardiac specialist
Care Hospitals,Tirupati,"₹1,00,000",Appendix Surgery,Dr. Kavitha Reddy,4.9,Expert in cardiology
Kamineni Hospitals,Guntur,"₹1,50,000",Appendix Surgery,Dr. Arjun Dev,3.7,Best neurologist
Andhra Hospitals,Guntur,"₹50,000",C-Section Delivery,Dr. Kavitha Reddy,3.8,Experienced general surgeon
Care Hospitals,Nellore,"₹1,50,000",Skin Treatment,Dr. Priya Menon,4.2,Cardiac specialist
Manipal Hospitals,Guntur,"₹80,000",Chemotherapy,Dr. Kavitha Reddy,4.1,Top gynecologist
Care Hospitals,Hyderabad,"₹80,000",Brain Surgery,Dr. Manish Rao,4.8,Expert in cardiology
Manipal Hospitals,Nellore,"₹5,00,000",Ear Surgery,Dr. Anand Sharma,3.8,ENT Specialist
Sunshine Hospitals,Rajahmundry,"₹80,000",Chemotherapy,Dr. Anand Sharma,4.5,Expert in cardiology
Kamineni Hospitals,Visakhapatnam,"₹2,00,000",Heart Bypass Surgery,Dr. Anand Sharma,4.6,Expert in cardiology
Sunshine Hospitals,Kakinada,"₹1,00,000",Appendix Surgery,Dr. Arjun Dev,4.1,Best neurologist
Care Hospitals,Tirupati,"₹1,50,000",Ear Surgery,Dr. Anand Sharma,4,Best orthopedic surgeon
Kamineni Hospitals,Vijayawada,"₹3,00,000",Knee Replacement,Dr. Kavitha Reddy,4.1,Best orthopedic surgeon
Andhra Hospitals,Visakhapatnam,"₹1,50,000",Ear Surgery,Dr. Manish Rao,4.2,Best orthopedic surgeon
Apollo Hospitals,Rajahmundry,"₹3,00,000",Angioplasty,Dr. Meera Joshi,3.6,Top gynecologist
Aayush Hospitals,Nellore,"₹2,00,000",Child Vaccination,Dr. Manish Rao,4.5,Pediatric specialist
Manipal Hospitals,Kakinada,"₹1,50,000",Skin Treatment,Dr. Anand Sharma,3.8,Oncology expert
Care Hospitals,Hyderabad,"₹1,00,000",C-Section Delivery,Dr. Sandeep Varma,5,Best neurologist
Andhra Hospitals,Hyderabad,"₹2,00,000",Appendix Surgery,Dr. Priya Menon,3.8,Top gynecologist
Apollo Hospitals,Vijayawada,"₹2,00,000",Knee Replacement,Dr. Manish Rao,4.2,Experienced general surgeon
Omni Hospitals,Hyderabad,"₹80,000",Knee Replacement,Dr. Manish Rao,4.2,Oncology expert
KIMS Hospitals,Guntur,"₹1,50,000",Ear Surgery,Dr. Priya Menon,4.4,Renowned dermatologist
Aayush Hospitals,Vijayawada,"₹3,00,000",Chemotherapy,Dr. Arjun Dev,3.5,Cardiac specialist
Apollo Hospitals,Guntur,"₹2,00,000",Appendix Surgery,Dr. Meera Joshi,4,Cardiac specialist
Aayush Hospitals,Kakinada,"₹80,000",Heart Bypass Surgery,Dr. Kavitha Reddy,4,Cardiac specialist
Kamineni Hospitals,Kakinada,"₹1,00,000",Chemotherapy,Dr. Neha Sharma,5,Best neurologist
Manipal Hospitals,Kakinada,"₹1,50,000",C-Section Delivery,Dr. Meera Joshi,4.8,Expert in cardiology
Kamineni Hospitals,Hyderabad,"₹80,000",Child Vaccination,Dr. Manish Rao,4.3,Expert in cardiology
Apollo Hospitals,Tirupati,"₹2,00,000",C-Section Delivery,Dr. Sneha Rao,3.6,Best neurologist
Manipal Hospitals,Nellore,"₹50,000",Appendix Surgery,Dr. Arjun Dev,4.6,Best neurologist
Manipal Hospitals,Rajahmundry,"₹5,00,000",Chemotherapy,Dr. Anand Sharma,3.5,Cardiac specialist
Sunshine Hospitals,Nellore,"₹1,00,000",C-Section Delivery,Dr. Arjun Dev,4.1,Oncology expert
Sunshine Hospitals,Nellore,"₹3,00,000",Heart Bypass Surgery,Dr. Arjun Dev,4.6,Best orthopedic surgeon
Aayush Hospitals,Kakinada,"₹1,00,000",Appendix Surgery,Dr. Priya Menon,3.5,Experienced general surgeon
Aayush Hospitals,Hyderabad,"₹1,50,000",Ear Surgery,Dr. Neha Sharma,4.8,Renowned dermatologist
Rainbow Hospitals,Nellore,"₹1,50,000",Chemotherapy,Dr. Anand Sharma,4.6,Oncology expert
Care Hospitals,Guntur,"₹5,00,000",C-Section Delivery,Dr. Manish Rao,4.7,Pediatric specialist
Kamineni Hospitals,Tirupati,"₹1,50,000",Chemotherapy,Dr. Ramesh Kumar,3.8,Experienced general surgeon
Rainbow Hospitals,Guntur,"₹3,00,000",Knee Replacement,Dr. Priya Menon,4.5,ENT Specialist
Aayush Hospitals,Vijayawada,"₹50,000",C-Section Delivery,Dr. Priya Menon,3.6,Oncology expert
Manipal Hospitals,Kakinada,"₹50,000",Brain Surgery,Dr. Meera Joshi,4.1,Renowned dermatologist
Andhra Hospitals,Guntur,"₹1,00,000",C-Section Delivery,Dr. Sandeep Varma,4.2,Expert in cardiology
Kamineni Hospitals,Rajahmundry,"₹2,00,000",Heart Bypass Surgery,Dr. Arjun Dev,4.8,Experienced general surgeon
KIMS Hospitals,Guntur,"₹80,000",Knee Replacement,Dr. Sandeep Varma,4.5,Expert in cardiology
Apollo Hospitals,Nellore,"₹5,00,000",Appendix Surgery,Dr. Anand Sharma,3.7,ENT Specialist
Andhra Hospitals,Tirupati,"₹80,000",Ear Surgery,Dr. Anand Sharma,4.6,Renowned dermatologist
Sunshine Hospitals,Nellore,"₹1,00,000",Heart Bypass Surgery,Dr. Neha Sharma,4.4,Cardiac specialist
Care Hospitals,Kakinada,"₹50,000",C-Section Delivery,Dr. Ramesh Kumar,4.7,Best neurologist
Andhra Hospitals,Tirupati,"₹50,000",Chemotherapy,Dr. Manish Rao,4.4,Pediatric specialist
Kamineni Hospitals,Tirupati,"₹80,000",Brain Surgery,Dr. Sneha Rao,4.9,Cardiac specialist
Omni Hospitals,Kakinada,"₹3,00,000",Skin Treatment,Dr. Neha Sharma,4.6,Pediatric specialist
Sunshine Hospitals,Visakhapatnam,"₹3,00,000",Brain Surgery,Dr. Arjun Dev,3.6,Pediatric specialist
Rainbow Hospitals,Kakinada,"₹2,00,000",Angioplasty,Dr. Sneha Rao,4.3,Renowned dermatologist
Kamineni Hospitals,Tirupati,"₹1,00,000",C-Section Delivery,Dr. Meera Joshi,4.5,Expert in cardiology
Manipal Hospitals,Kakinada,"₹1,00,000",Ear Surgery,Dr. Arjun Dev,3.9,ENT Specialist
Care Hospitals,Rajahmundry,"₹80,000",Child Vaccination,Dr. Sandeep Varma,3.8,Cardiac specialist
Aayush Hospitals,Nellore,"₹1,50,000",Skin Treatment,Dr. Kavitha Reddy,4.5,Oncology expert
Aayush Hospitals,Vijayawada,"₹5,00,000",Chemotherapy,Dr. Neha Sharma,3.6,Expert in cardiology
Apollo Hospitals,Visakhapatnam,"₹5,00,000",Heart Bypass Surgery,Dr. Ramesh Kumar,3.7,Best orthopedic surgeon
Rainbow Hospitals,Hyderabad,"₹2,00,000",Brain Surgery,Dr. Anand Sharma,4.1,Best orthopedic surgeon
Aayush Hospitals,Guntur,"₹80,000",Skin Treatment,Dr. Priya Menon,3.5,Experienced general surgeon
Andhra Hospitals,Tirupati,"₹1,00,000",Brain Surgery,Dr. Manish Rao,4.4,Cardiac specialist
Omni Hospitals,Hyderabad,"₹1,00,000",Angioplasty,Dr. Anand Sharma,4.8,Oncology expert
KIMS Hospitals,Kakinada,"₹1,50,000",Brain Surgery,Dr. Priya Menon,3.6,Top gynecologist
Apollo Hospitals,Guntur,"₹80,000",Skin Treatment,Dr. Priya Menon,4.9,Best neurologist
Care Hospitals,Kakinada,"₹1,00,000",Ear Surgery,Dr. Ramesh Kumar,4.6,ENT Specialist
KIMS Hospitals,Guntur,"₹1,50,000",Ear Surgery,Dr. Sneha Rao,3.5,Experienced general surgeon
Apollo Hospitals,Nellore,"₹1,50,000",Chemotherapy,Dr. Sneha Rao,3.6,Renowned dermatologist
Apollo Hospitals,Guntur,"₹3,00,000",Heart Bypass Surgery,Dr. Manish Rao,3.7,Pediatric specialist
Care Hospitals,Rajahmundry,"₹5,00,000",Appendix Surgery,Dr. Manish Rao,4.7,Expert in cardiology
Kamineni Hospitals,Guntur,"₹5,00,000",Ear Surgery,Dr. Kavitha Reddy,4.6,Best orthopedic surgeon
Apollo Hospitals,Tirupati,"₹3,00,000",Chemotherapy,Dr. Anand Sharma,3.5,Oncology expert
Manipal Hospitals,Kakinada,"₹1,50,000",Angioplasty,Dr. Ramesh Kumar,3.8,Experienced general surgeon
Sunshine Hospitals,Kakinada,"₹2,00,000",Skin Treatment,Dr. Sandeep Varma,3.7,Cardiac specialist
Manipal Hospitals,Nellore,"₹3,00,000",Appendix Surgery,Dr. Meera Joshi,4.6,Best neurologist
Sunshine Hospitals,Nellore,"₹1,00,000",Knee Replacement,Dr. Neha Sharma,3.8,Renowned dermatologist
Manipal Hospitals,Visakhapatnam,"₹1,50,000",Chemotherapy,Dr. Ramesh Kumar,3.8,Top gynecologist
Andhra Hospitals,Tirupati,"₹1,00,000",Knee Replacement,Dr. Meera Joshi,4.6,Best orthopedic surgeon
Apollo Hospitals,Rajahmundry,"₹2,00,000",Ear Surgery,Dr. Priya Menon,4.6,Top gynecologist
Care Hospitals,Vijayawada,"₹3,00,000",Ear Surgery,Dr. Kavitha Reddy,5,Cardiac specialist
Kamineni Hospitals,Tirupati,"₹5,00,000",Child Vaccination,Dr. Arjun Dev,4,Expert in cardiology
Aayush Hospitals,Vijayawada,"₹2,00,000",Appendix Surgery,Dr. Arjun Dev,4,Expert in cardiology
Kamineni Hospitals,Rajahmundry,"₹1,00,000",Knee Replacement,Dr. Neha Sharma,3.9,ENT Specialist
Care Hospitals,Tirupati,"₹1,50,000",Heart Bypass Surgery,Dr. Sneha Rao,3.6,ENT Specialist
Aayush Hospitals,Nellore,"₹1,50,000",C-Section Delivery,Dr. Sandeep Varma,4.5,Renowned dermatologist
Sunshine Hospitals,Kakinada,"₹80,000",Brain Surgery,Dr. Manish Rao,4.6,Renowned dermatologist
Care Hospitals,Vijayawada,"₹5,00,000",Angioplasty,Dr. Meera Joshi,3.7,Experienced general surgeon
Rainbow Hospitals,Hyderabad,"₹1,50,000",Child Vaccination,Dr. Sandeep Varma,3.7,Oncology expert
Apollo Hospitals,Guntur,"₹1,00,000",Angioplasty,Dr. Manish Rao,4.9,Best neurologist
Rainbow Hospitals,Visakhapatnam,"₹1,50,000",Brain Surgery,Dr. Neha Sharma,4.3,Experienced general surgeon
KIMS Hospitals,Visakhapatnam,"₹5,00,000",Angioplasty,Dr. Anand Sharma,4.6,Pediatric specialist
Rainbow Hospitals,Rajahmundry,"₹1,50,000",Angioplasty,Dr. Priya Menon,4.9,Expert in cardiology
Omni Hospitals,Tirupati,"₹5,00,000",Angioplasty,Dr. Anand Sharma,4.7,Expert in cardiology
Sunshine Hospitals,Vijayawada,"₹1,50,000",Heart Bypass Surgery,Dr. Neha Sharma,4.3,Renowned dermatologist
KIMS Hospitals,Hyderabad,"₹5,00,000",C-Section Delivery,Dr. Anand Sharma,4.4,ENT Specialist
Omni Hospitals,Visakhapatnam,"₹1,00,000",Skin Treatment,Dr. Sandeep Varma,4.8,Experienced general surgeon
Apollo Hospitals,Hyderabad,"₹80,000",Ear Surgery,Dr. Meera Joshi,3.5,Experienced general surgeon
Manipal Hospitals,Tirupati,"₹1,00,000",Skin Treatment,Dr. Sandeep Varma,4.1,Top gynecologist
Aayush Hospitals,Visakhapatnam,"₹2,00,000",Chemotherapy,Dr. Kavitha Reddy,4.9,Best neurologist
Kamineni Hospitals,Kakinada,"₹2,00,000",Appendix Surgery,Dr. Kavitha Reddy,3.8,Renowned dermatologist
Andhra Hospitals,Rajahmundry,"₹80,000",Brain Surgery,Dr. Sandeep Varma,3.8,Experienced general surgeon
Rainbow Hospitals,Guntur,"₹3,00,000",Knee Replacement,Dr. Sandeep Varma,4.4,Top gynecologist
Sunshine Hospitals,Vijayawada,"₹80,000",Child Vaccination,Dr. Arjun Dev,3.7,Top gynecologist
Care Hospitals,Visakhapatnam,"₹5,00,000",Brain Surgery,Dr. Sandeep Varma,3.8,Renowned dermatologist
Apollo Hospitals,Rajahmundry,"₹80,000",Knee Replacement,Dr. Anand Sharma,4.2,Renowned dermatologist
Apollo Hospitals,Nellore,"₹5,00,000",Knee Replacement,Dr. Kavitha Reddy,4.2,Oncology expert
Andhra Hospitals,Visakhapatnam,"₹50,000",Child Vaccination,Dr. Ramesh Kumar,3.7,Best neurologist
Rainbow Hospitals,Guntur,"₹3,00,000",Chemotherapy,Dr. Priya Menon,4.1,Best neurologist
Aayush Hospitals,Nellore,"₹2,00,000",Heart Bypass Surgery,Dr. Meera Joshi,4,Expert in cardiology
Care Hospitals,Rajahmundry,"₹80,000",Chemotherapy,Dr. Kavitha Reddy,4.4,Cardiac specialist
Omni Hospitals,Tirupati,"₹1,50,000",Angioplasty,Dr. Ramesh Kumar,4.9,Best neurologist
Rainbow Hospitals,Vijayawada,"₹1,00,000",Heart Bypass Surgery,Dr. Manish Rao,4.8,Renowned dermatologist
Sunshine Hospitals,Hyderabad,"₹1,50,000",Child Vaccination,Dr. Manish Rao,3.6,Pediatric specialist
Care Hospitals,Nellore,"₹5,00,000",Skin Treatment,Dr. Ramesh Kumar,4.7,Renowned dermatologist
Rainbow Hospitals,Guntur,"₹5,00,000",Angioplasty,Dr. Kavitha Reddy,3.9,Renowned dermatologist
Kamineni Hospitals,Kakinada,"₹80,000",Appendix Surgery,Dr. Anand Sharma,3.9,Experienced general surgeon
Aayush Hospitals,Vijayawada,"₹1,50,000",Heart Bypass Surgery,Dr. Manish Rao,4.5,Best orthopedic surgeon
Andhra Hospitals,Nellore,"₹1,50,000",Brain Surgery,Dr. Anand Sharma,4.5,Best orthopedic surgeon
Kamineni Hospitals,Nellore,"₹3,00,000",Appendix Surgery,Dr. Kavitha Reddy,3.6,Renowned dermatologist
Sunshine Hospitals,Vijayawada,"₹3,00,000",C-Section Delivery,Dr. Sandeep Varma,4.7,Expert in cardiology
Apollo Hospitals,Guntur,"₹2,00,000",Chemotherapy,Dr. Neha Sharma,3.8,Expert in cardiology
Kamineni Hospitals,Hyderabad,"₹50,000",Heart Bypass Surgery,Dr. Anand Sharma,4,Oncology expert
Aayush Hospitals,Guntur,"₹2,00,000",Brain Surgery,Dr. Neha Sharma,3.9,Best neurologist
Aayush Hospitals,Tirupati,"₹3,00,000",C-Section Delivery,Dr. Kavitha Reddy,4.5,Pediatric specialist
KIMS Hospitals,Nellore,"₹2,00,000",Brain Surgery,Dr. Sneha Rao,4.6,Best neurologist
Andhra Hospitals,Guntur,"₹1,00,000",C-Section Delivery,Dr. Kavitha Reddy,4.1,Best neurologist
Sunshine Hospitals,Kakinada,"₹1,00,000",Skin Treatment,Dr. Arjun Dev,3.7,Experienced general surgeon
Omni Hospitals,Nellore,"₹1,00,000",Appendix Surgery,Dr. Meera Joshi,3.8,Oncology expert
Omni Hospitals,Tirupati,"₹1,50,000",Child Vaccination,Dr. Kavitha Reddy,4.9,Experienced general surgeon
Omni Hospitals,Tirupati,"₹50,000",Child Vaccination,Dr. Manish Rao,4.6,Oncology expert
Manipal Hospitals,Tirupati,"₹5,00,000",Child Vaccination,Dr. Neha Sharma,4.8,Top gynecologist
Aayush Hospitals,Vijayawada,"₹2,00,000",Skin Treatment,Dr. Neha Sharma,4.8,Expert in cardiology
Omni Hospitals,Hyderabad,"₹3,00,000",Knee Replacement,Dr. Priya Menon,4.6,Oncology expert
Rainbow Hospitals,Nellore,"₹1,50,000",Brain Surgery,Dr. Manish Rao,4.7,Cardiac specialist
Rainbow Hospitals,Tirupati,"₹2,00,000",Knee Replacement,Dr. Arjun Dev,3.8,Oncology expert
Apollo Hospitals,Guntur,"₹50,000",Knee Replacement,Dr. Priya Menon,4.4,Cardiac specialist
Andhra Hospitals,Kakinada,"₹5,00,000",Ear Surgery,Dr. Manish Rao,3.8,ENT Specialist
Andhra Hospitals,Tirupati,"₹3,00,000",Chemotherapy,Dr. Priya Menon,4.6,ENT Specialist
Andhra Hospitals,Vijayawada,"₹80,000",Chemotherapy,Dr. Manish Rao,5,Renowned dermatologist
KIMS Hospitals,Tirupati,"₹3,00,000",Child Vaccination,Dr. Meera Joshi,4.2,Cardiac specialist
Care Hospitals,Vijayawada,"₹2,00,000",Child Vaccination,Dr. Kavitha Reddy,4.5,Pediatric specialist
Kamineni Hospitals,Rajahmundry,"₹1,50,000",Skin Treatment,Dr. Sandeep Varma,4.1,Renowned dermatologist
Rainbow Hospitals,Tirupati,"₹2,00,000",Heart Bypass Surgery,Dr. Anand Sharma,3.7,Experienced general surgeon
Aayush Hospitals,Rajahmundry,"₹2,00,000",Brain Surgery,Dr. Anand Sharma,3.7,Oncology expert
Andhra Hospitals,Rajahmundry,"₹2,00,000",Child Vaccination,Dr. Sandeep Varma,4.8,Cardiac specialist
Sunshine Hospitals,Kakinada,"₹50,000",Heart Bypass Surgery,Dr. Meera Joshi,4.2,Best neurologist
Sunshine Hospitals,Rajahmundry,"₹5,00,000",Child Vaccination,Dr. Anand Sharma,3.7,ENT Specialist
Manipal Hospitals,Tirupati,"₹3,00,000",Angioplasty,Dr. Neha Sharma,4.2,Experienced general surgeon
Sunshine Hospitals,Rajahmundry,"₹1,00,000",Brain Surgery,Dr. Sandeep Varma,4,Oncology expert
Care Hospitals,Hyderabad,"₹1,00,000",C-Section Delivery,Dr. Priya Menon,4.5,Best neurologist
Sunshine Hospitals,Tirupati,"₹50,000",Chemotherapy,Dr. Sneha Rao,4.6,Best neurologist
Apollo Hospitals,Nellore,"₹1,00,000",Chemotherapy,Dr. Sneha Rao,4.7,ENT Specialist
Omni Hospitals,Rajahmundry,"₹2,00,000",Ear Surgery,Dr. Priya Menon,4.4,Best orthopedic surgeon
Apollo Hospitals,Tirupati,"₹5,00,000",Heart Bypass Surgery,Dr. Meera Joshi,4.3,Renowned dermatologist
Omni Hospitals,Kakinada,"₹80,000",Chemotherapy,Dr. Anand Sharma,4.7,Cardiac specialist
Sunshine Hospitals,Guntur,"₹80,000",Ear Surgery,Dr. Kavitha Reddy,4.6,Cardiac specialist
Care Hospitals,Visakhapatnam,"₹50,000",Brain Surgery,Dr. Neha Sharma,4.1,Top gynecologist
Aayush Hospitals,Vijayawada,"₹3,00,000",Brain Surgery,Dr. Neha Sharma,4.7,Cardiac specialist
Care Hospitals,Rajahmundry,"₹5,00,000",Knee Replacement,Dr. Arjun Dev,4.1,ENT Specialist
Omni Hospitals,Vijayawada,"₹80,000",C-Section Delivery,Dr. Sandeep Varma,4.6,Experienced general surgeon
Rainbow Hospitals,Nellore,"₹50,000",Appendix Surgery,Dr. Arjun Dev,4.1,Renowned dermatologist
Aayush Hospitals,Kakinada,"₹80,000",Brain Surgery,Dr. Sandeep Varma,4.5,Expert in cardiology
Aayush Hospitals,Visakhapatnam,"₹2,00,000",Knee Replacement,Dr. Priya Menon,4.1,ENT Specialist
Sunshine Hospitals,Nellore,"₹1,00,000",Skin Treatment,Dr. Sneha Rao,3.9,Experienced general surgeon
Kamineni Hospitals,Visakhapatnam,"₹50,000",Brain Surgery,Dr. Neha Sharma,3.6,ENT Specialist
Andhra Hospitals,Rajahmundry,"₹2,00,000",Ear Surgery,Dr. Neha Sharma,4.3,Oncology expert
Sunshine Hospitals,Kakinada,"₹80,000",Skin Treatment,Dr. Sneha Rao,4.7,Experienced general surgeon
Manipal Hospitals,Kakinada,"₹5,00,000",Chemotherapy,Dr. Meera Joshi,3.5,Cardiac specialist
KIMS Hospitals,Vijayawada,"₹1,50,000",Chemotherapy,Dr. Arjun Dev,4.2,Best neurologist
Rainbow Hospitals,Visakhapatnam,"₹5,00,000",Brain Surgery,Dr. Neha Sharma,5,Oncology expert
Rainbow Hospitals,Guntur,"₹1,00,000",Child Vaccination,Dr. Priya Menon,5,Expert in cardiology
Rainbow Hospitals,Hyderabad,"₹3,00,000",Knee Replacement,Dr. Manish Rao,3.9,Cardiac specialist
Omni Hospitals,Nellore,"₹5,00,000",Skin Treatment,Dr. Manish Rao,4.6,Renowned dermatologist
Care Hospitals,Tirupati,"₹1,00,000",Ear Surgery,Dr. Meera Joshi,4.6,Renowned dermatologist
KIMS Hospitals,Kakinada,"₹1,50,000",Appendix Surgery,Dr. Priya Menon,5,Expert in cardiology
Apollo Hospitals,Guntur,"₹1,50,000",Ear Surgery,Dr. Priya Menon,3.8,Top gynecologist
KIMS Hospitals,Guntur,"₹80,000",Angioplasty,Dr. Anand Sharma,4.5,Pediatric specialist
Sunshine Hospitals,Visakhapatnam,"₹2,00,000",Chemotherapy,Dr. Kavitha Reddy,3.6,Renowned dermatologist
KIMS Hospitals,Nellore,"₹2,00,000",Ear Surgery,Dr. Sneha Rao,3.7,Cardiac specialist
Apollo Hospitals,Tirupati,"₹1,50,000",Skin Treatment,Dr. Manish Rao,4.7,Pediatric specialist
Sunshine Hospitals,Visakhapatnam,"₹1,00,000",Knee Replacement,Dr. Sneha Rao,4.4,Experienced general surgeon
Apollo Hospitals,Tirupati,"₹3,00,000",Heart Bypass Surgery,Dr. Ramesh Kumar,4.5,Pediatric specialist
Care Hospitals,Guntur,"₹5,00,000",Angioplasty,Dr. Arjun Dev,3.5,Cardiac specialist
KIMS Hospitals,Rajahmundry,"₹50,000",C-Section Delivery,Dr. Meera Joshi,4.6,Cardiac specialist
Kamineni Hospitals,Kakinada,"₹5,00,000",Brain Surgery,Dr. Ramesh Kumar,5,ENT Specialist
Care Hospitals,Hyderabad,"₹5,00,000",C-Section Delivery,Dr. Priya Menon,4.6,Expert in cardiology
Apollo Hospitals,Kakinada,"₹1,50,000",Appendix Surgery,Dr. Arjun Dev,4.6,ENT Specialist
Kamineni Hospitals,Rajahmundry,"₹80,000",Chemotherapy,Dr. Anand Sharma,4.3,Pediatric specialist
Aayush Hospitals,Kakinada,"₹2,00,000",Skin Treatment,Dr. Manish Rao,3.7,Expert in cardiology
Omni Hospitals,Rajahmundry,"₹1,00,000",Brain Surgery,Dr. Sneha Rao,4.9,Pediatric specialist
Omni Hospitals,Visakhapatnam,"₹5,00,000",C-Section Delivery,Dr. Manish Rao,4.4,Expert in cardiology
Andhra Hospitals,Rajahmundry,"₹2,00,000",Skin Treatment,Dr. Meera Joshi,4.4,Best neurologist
Rainbow Hospitals,Visakhapatnam,"₹5,00,000",C-Section Delivery,Dr. Sandeep Varma,4.9,Best neurologist
Andhra Hospitals,Vijayawada,"₹50,000",C-Section Delivery,Dr. Priya Menon,4.2,Cardiac specialist
Omni Hospitals,Hyderabad,"₹3,00,000",Ear Surgery,Dr. Priya Menon,4.3,Top gynecologist
Manipal Hospitals,Kakinada,"₹2,00,000",Heart Bypass Surgery,Dr. Kavitha Reddy,3.8,Oncology expert
Care Hospitals,Visakhapatnam,"₹50,000",Skin Treatment,Dr. Manish Rao,3.6,Top gynecologist
Sunshine Hospitals,Tirupati,"₹3,00,000",Child Vaccination,Dr. Arjun Dev,3.9,Top gynecologist
Andhra Hospitals,Tirupati,"₹3,00,000",Child Vaccination,Dr. Priya Menon,5,Expert in cardiology
Sunshine Hospitals,Rajahmundry,"₹80,000",C-Section Delivery,Dr. Manish Rao,3.8,Best orthopedic surgeon
Manipal Hospitals,Guntur,"₹1,50,000",Ear Surgery,Dr. Kavitha Reddy,3.8,Cardiac specialist
Care Hospitals,Tirupati,"₹3,00,000",Appendix Surgery,Dr. Kavitha Reddy,4.7,ENT Specialist
KIMS Hospitals,Tirupati,"₹80,000",Chemotherapy,Dr. Sneha Rao,3.8,Cardiac specialist
Care Hospitals,Kakinada,"₹80,000",Heart Bypass Surgery,Dr. Ramesh Kumar,3.7,Cardiac specialist
Aayush Hospitals,Rajahmundry,"₹1,50,000",Child Vaccination,Dr. Manish Rao,3.9,ENT Specialist
Manipal Hospitals,Vijayawada,"₹1,50,000",Knee Replacement,Dr. Sneha Rao,4,ENT Specialist
Manipal Hospitals,Hyderabad,"₹80,000",Child Vaccination,Dr. Priya Menon,4.2,Renowned dermatologist
Care Hospitals,Visakhapatnam,"₹50,000",Heart Bypass Surgery,Dr. Priya Menon,4.5,Experienced general surgeon
Sunshine Hospitals,Kakinada,"₹2,00,000",Skin Treatment,Dr. Sneha Rao,5,Cardiac specialist
Omni Hospitals,Guntur,"₹50,000",Chemotherapy,Dr. Anand Sharma,4.2,ENT Specialist
Andhra Hospitals,Visakhapatnam,"₹5,00,000",C-Section Delivery,Dr. Sandeep Varma,3.7,Cardiac specialist
Manipal Hospitals,Guntur,"₹50,000",Heart Bypass Surgery,Dr. Neha Sharma,4.8,Cardiac specialist
Sunshine Hospitals,Hyderabad,"₹2,00,000",Brain Surgery,Dr. Manish Rao,4,Experienced general surgeon
KIMS Hospitals,Guntur,"₹2,00,000",Angioplasty,Dr. Sneha Rao,5,Oncology expert
Care Hospitals,Guntur,"₹3,00,000",Chemotherapy,Dr. Anand Sharma,3.7,Best orthopedic surgeon
Sunshine Hospitals,Guntur,"₹2,00,000",C-Section Delivery,Dr. Arjun Dev,3.8,Cardiac specialist
Rainbow Hospitals,Visakhapatnam,"₹1,50,000",Knee Replacement,Dr. Priya Menon,3.5,Top gynecologist
Sunshine Hospitals,Rajahmundry,"₹3,00,000",C-Section Delivery,Dr. Priya Menon,3.8,Cardiac specialist
Manipal Hospitals,Vijayawada,"₹1,50,000",Chemotherapy,Dr. Arjun Dev,4.1,Experienced general surgeon
Andhra Hospitals,Kakinada,"₹1,50,000",Ear Surgery,Dr. Meera Joshi,3.5,Expert in cardiology
Kamineni Hospitals,Vijayawada,"₹2,00,000",Child Vaccination,Dr. Meera Joshi,4.9,Top gynecologist
Kamineni Hospitals,Nellore,"₹50,000",Chemotherapy,Dr. Neha Sharma,3.8,Renowned dermatologist
Sunshine Hospitals,Tirupati,"₹50,000",Ear Surgery,Dr. Priya Menon,3.6,Cardiac specialist
Aayush Hospitals,Kakinada,"₹1,00,000",Chemotherapy,Dr. Kavitha Reddy,4.2,Top gynecologist
Aayush Hospitals,Tirupati,"₹3,00,000",Chemotherapy,Dr. Priya Menon,4.8,Oncology expert
Kamineni Hospitals,Vijayawada,"₹1,00,000",C-Section Delivery,Dr. Manish Rao,4.8,ENT Specialist
Care Hospitals,Guntur,"₹2,00,000",Heart Bypass Surgery,Dr. Ramesh Kumar,3.8,Best neurologist
Aayush Hospitals,Hyderabad,"₹80,000",Appendix Surgery,Dr. Kavitha Reddy,3.8,Experienced general surgeon
Sunshine Hospitals,Kakinada,"₹5,00,000",Angioplasty,Dr. Sandeep Varma,4.2,Renowned dermatologist
Rainbow Hospitals,Kakinada,"₹1,50,000",C-Section Delivery,Dr. Meera Joshi,4,Renowned dermatologist
KIMS Hospitals,Nellore,"₹1,50,000",C-Section Delivery,Dr. Sneha Rao,3.7,Top gynecologist
Manipal Hospitals,Kakinada,"₹1,00,000",Appendix Surgery,Dr. Neha Sharma,4.6,Best orthopedic surgeon
Andhra Hospitals,Kakinada,"₹1,50,000",Ear Surgery,Dr. Manish Rao,4.8,Expert in cardiology
Rainbow Hospitals,Hyderabad,"₹1,50,000",Ear Surgery,Dr. Arjun Dev,4.8,Experienced general surgeon
Omni Hospitals,Rajahmundry,"₹80,000",Brain Surgery,Dr. Priya Menon,4.8,Best orthopedic surgeon
Care Hospitals,Kakinada,"₹50,000",Brain Surgery,Dr. Priya Menon,3.7,Best orthopedic surgeon
Manipal Hospitals,Vijayawada,"₹3,00,000",Ear Surgery,Dr. Sneha Rao,3.6,Oncology expert
Andhra Hospitals,Vijayawada,"₹2,00,000",Skin Treatment,Dr. Manish Rao,4.7,Renowned dermatologist
Aayush Hospitals,Rajahmundry,"₹80,000",Skin Treatment,Dr. Arjun Dev,4.7,Best orthopedic surgeon
KIMS Hospitals,Rajahmundry,"₹80,000",Heart Bypass Surgery,Dr. Arjun Dev,3.6,Cardiac specialist
KIMS Hospitals,Tirupati,"₹50,000",Brain Surgery,Dr. Kavitha Reddy,4.9,Best orthopedic surgeon
Andhra Hospitals,Visakhapatnam,"₹1,50,000",Heart Bypass Surgery,Dr. Anand Sharma,4.4,Oncology expert
Aayush Hospitals,Rajahmundry,"₹5,00,000",Skin Treatment,Dr. Anand Sharma,4.2,Best neurologist
Manipal Hospitals,Tirupati,"₹2,00,000",Skin Treatment,Dr. Sneha Rao,3.7,Oncology expert
Manipal Hospitals,Rajahmundry,"₹5,00,000",Child Vaccination,Dr. Arjun Dev,3.6,Best orthopedic surgeon
Care Hospitals,Nellore,"₹1,50,000",C-Section Delivery,Dr. Neha Sharma,4.5,Renowned dermatologist
Rainbow Hospitals,Rajahmundry,"₹2,00,000",Angioplasty,Dr. Arjun Dev,3.7,Experienced general surgeon
Andhra Hospitals,Vijayawada,"₹2,00,000",Skin Treatment,Dr. Meera Joshi,4.6,Expert in cardiology
Andhra Hospitals,Guntur,"₹80,000",Knee Replacement,Dr. Priya Menon,4.6,Best neurologist
Manipal Hospitals,Visakhapatnam,"₹5,00,000",Heart Bypass Surgery,Dr. Anand Sharma,3.9,ENT Specialist
Sunshine Hospitals,Vijayawada,"₹1,50,000",C-Section Delivery,Dr. Manish Rao,3.9,Pediatric specialist
Andhra Hospitals,Visakhapatnam,"₹80,000",Angioplasty,Dr. Sandeep Varma,4.8,Oncology expert
Apollo Hospitals,Vijayawada,"₹5,00,000",Heart Bypass Surgery,Dr. Anand Sharma,4.5,Cardiac specialist
Apollo Hospitals,Tirupati,"₹3,00,000",Chemotherapy,Dr. Priya Menon,3.7,ENT Specialist
Aayush Hospitals,Visakhapatnam,"₹5,00,000",Chemotherapy,Dr. Priya Menon,4,Best neurologist
Apollo Hospitals,Hyderabad,"₹2,00,000",Skin Treatment,Dr. Kavitha Reddy,4.9,Pediatric specialist
Manipal Hospitals,Vijayawada,"₹1,50,000",Child Vaccination,Dr. Arjun Dev,3.8,Best neurologist
Apollo Hospitals,Hyderabad,"₹1,50,000",Ear Surgery,Dr. Sandeep Varma,4.8,Pediatric specialist
Rainbow Hospitals,Nellore,"₹1,50,000",Knee Replacement,Dr. Priya Menon,4.4,Experienced general surgeon
Andhra Hospitals,Visakhapatnam,"₹5,00,000",Chemotherapy,Dr. Priya Menon,4.7,Experienced general surgeon
Aayush Hospitals,Visakhapatnam,"₹1,50,000",Knee Replacement,Dr. Sandeep Varma,4.1,Best orthopedic surgeon
Apollo Hospitals,Visakhapatnam,"₹3,00,000",Angioplasty,Dr. Sneha Rao,3.8,ENT Specialist
Omni Hospitals,Rajahmundry,"₹50,000",Heart Bypass Surgery,Dr. Ramesh Kumar,3.8,Expert in cardiology
KIMS Hospitals,Nellore,"₹1,00,000",Knee Replacement,Dr. Arjun Dev,4.5,Renowned dermatologist
Care Hospitals,Rajahmundry,"₹1,00,000",Ear Surgery,Dr. Ramesh Kumar,4,Renowned dermatologist
KIMS Hospitals,Visakhapatnam,"₹1,50,000",Appendix Surgery,Dr. Kavitha Reddy,4.9,ENT Specialist
Care Hospitals,Kakinada,"₹50,000",Appendix Surgery,Dr. Sneha Rao,4.6,Cardiac specialist
Rainbow Hospitals,Vijayawada,"₹1,50,000",Appendix Surgery,Dr. Neha Sharma,3.6,Top gynecologist
Andhra Hospitals,Rajahmundry,"₹1,00,000",C-Section Delivery,Dr. Sandeep Varma,4.1,Pediatric specialist
Aayush Hospitals,Tirupati,"₹1,50,000",Chemotherapy,Dr. Anand Sharma,3.9,Best neurologist
KIMS Hospitals,Guntur,"₹5,00,000",Chemotherapy,Dr. Kavitha Reddy,4.6,Pediatric specialist
Omni Hospitals,Guntur,"₹80,000",Heart Bypass Surgery,Dr. Kavitha Reddy,3.5,Pediatric specialist
KIMS Hospitals,Tirupati,"₹3,00,000",Ear Surgery,Dr. Anand Sharma,4,Renowned dermatologist
Aayush Hospitals,Visakhapatnam,"₹50,000",Angioplasty,Dr. Ramesh Kumar,3.9,Oncology expert
Kamineni Hospitals,Vijayawada,"₹3,00,000",Skin Treatment,Dr. Meera Joshi,4.9,Pediatric specialist
KIMS Hospitals,Kakinada,"₹2,00,000",Angioplasty,Dr. Neha Sharma,4.5,ENT Specialist
Aayush Hospitals,Vijayawada,"₹80,000",Chemotherapy,Dr. Meera Joshi,4.4,Pediatric specialist
KIMS Hospitals,Tirupati,"₹1,00,000",C-Section Delivery,Dr. Meera Joshi,3.6,Best orthopedic surgeon
Apollo Hospitals,Hyderabad,"₹5,00,000",Child Vaccination,Dr. Priya Menon,3.6,Top gynecologist
Rainbow Hospitals,Guntur,"₹80,000",Child Vaccination,Dr. Ramesh Kumar,4.2,Renowned dermatologist
Andhra Hospitals,Hyderabad,"₹50,000",Brain Surgery,Dr. Neha Sharma,4.3,Pediatric specialist
Andhra Hospitals,Guntur,"₹2,00,000",Appendix Surgery,Dr. Meera Joshi,4.2,ENT Specialist
Sunshine Hospitals,Kakinada,"₹2,00,000",Child Vaccination,Dr. Ramesh Kumar,4.8,Oncology expert
Omni Hospitals,Visakhapatnam,"₹80,000",Brain Surgery,Dr. Neha Sharma,3.7,Best neurologist
KIMS Hospitals,Guntur,"₹5,00,000",Appendix Surgery,Dr. Anand Sharma,3.9,Experienced general surgeon
Care Hospitals,Visakhapatnam,"₹50,000",Chemotherapy,Dr. Manish Rao,4.8,Experienced general surgeon
KIMS Hospitals,Nellore,"₹50,000",Skin Treatment,Dr. Priya Menon,4.3,Pediatric specialist
Aayush Hospitals,Tirupati,"₹2,00,000",Skin Treatment,Dr. Ramesh Kumar,4,Expert in cardiology
KIMS Hospitals,Tirupati,"₹80,000",Child Vaccination,Dr. Anand Sharma,4.8,Top gynecologist
Aayush Hospitals,Rajahmundry,"₹80,000",Chemotherapy,Dr. Priya Menon,5,Best orthopedic surgeon
Andhra Hospitals,Visakhapatnam,"₹1,00,000",Knee Replacement,Dr. Ramesh Kumar,4,Expert in cardiology
Omni Hospitals,Nellore,"₹80,000",Chemotherapy,Dr. Sandeep Varma,4,Cardiac specialist
Apollo Hospitals,Nellore,"₹1,50,000",Heart Bypass Surgery,Dr. Kavitha Reddy,4.9,Best orthopedic surgeon
Omni Hospitals,Rajahmundry,"₹2,00,000",Heart Bypass Surgery,Dr. Priya Menon,4.3,ENT Specialist
Omni Hospitals,Kakinada,"₹3,00,000",C-Section Delivery,Dr. Arjun Dev,3.7,Renowned dermatologist
KIMS Hospitals,Nellore,"₹80,000",Chemotherapy,Dr. Neha Sharma,4.3,Top gynecologist
Rainbow Hospitals,Visakhapatnam,"₹50,000",C-Section Delivery,Dr. Priya Menon,4.1,Oncology expert
Sunshine Hospitals,Vijayawada,"₹3,00,000",Skin Treatment,Dr. Sneha Rao,4.3,Cardiac specialist
Aayush Hospitals,Guntur,"₹80,000",Knee Replacement,Dr. Anand Sharma,4.7,Oncology expert
Apollo Hospitals,Guntur,"₹2,00,000",Appendix Surgery,Dr. Sneha Rao,4.2,Best orthopedic surgeon
Manipal Hospitals,Nellore,"₹3,00,000",Knee Replacement,Dr. Priya Menon,3.9,Renowned dermatologist
Manipal Hospitals,Vijayawada,"₹5,00,000",Brain Surgery,Dr. Ramesh Kumar,4,Pediatric specialist
Manipal Hospitals,Guntur,"₹5,00,000",Ear Surgery,Dr. Anand Sharma,4.4,Best orthopedic surgeon
Kamineni Hospitals,Hyderabad,"₹2,00,000",Brain Surgery,Dr. Sandeep Varma,3.6,Top gynecologist
Rainbow Hospitals,Nellore,"₹80,000",Skin Treatment,Dr. Ramesh Kumar,4.8,Cardiac specialist
Rainbow Hospitals,Kakinada,"₹2,00,000",Brain Surgery,Dr. Ramesh Kumar,4.7,Renowned dermatologist
Andhra Hospitals,Tirupati,"₹5,00,000",Heart Bypass Surgery,Dr. Meera Joshi,4.1,Pediatric specialist
KIMS Hospitals,Nellore,"₹5,00,000",C-Section Delivery,Dr. Ramesh Kumar,4.6,Cardiac specialist
KIMS Hospitals,Visakhapatnam,"₹2,00,000",Chemotherapy,Dr. Meera Joshi,4.4,Top gynecologist
Andhra Hospitals,Hyderabad,"₹50,000",Heart Bypass Surgery,Dr. Arjun Dev,3.7,Renowned dermatologist
Aayush Hospitals,Tirupati,"₹80,000",C-Section Delivery,Dr. Meera Joshi,3.7,Oncology expert
Omni Hospitals,Kakinada,"₹80,000",C-Section Delivery,Dr. Manish Rao,3.7,Expert in cardiology
Sunshine Hospitals,Visakhapatnam,"₹50,000",Knee Replacement,Dr. Meera Joshi,3.5,Renowned dermatologist
Care Hospitals,Kakinada,"₹2,00,000",Skin Treatment,Dr. Ramesh Kumar,4.7,Renowned dermatologist
Omni Hospitals,Kakinada,"₹5,00,000",Appendix Surgery,Dr. Sneha Rao,4.5,Renowned dermatologist
Omni Hospitals,Vijayawada,"₹50,000",C-Section Delivery,Dr. Meera Joshi,4.8,Top gynecologist
Omni Hospitals,Nellore,"₹2,00,000",Appendix Surgery,Dr. Meera Joshi,5,Oncology expert
Sunshine Hospitals,Hyderabad,"₹5,00,000",Knee Replacement,Dr. Priya Menon,4.6,Expert in cardiology
Aayush Hospitals,Rajahmundry,"₹50,000",C-Section Delivery,Dr. Priya Menon,3.7,Experienced general surgeon
Omni Hospitals,Rajahmundry,"₹3,00,000",Chemotherapy,Dr. Manish Rao,3.7,Top gynecologist
Aayush Hospitals,Hyderabad,"₹5,00,000",Brain Surgery,Dr. Priya Menon,4.3,Top gynecologist
Apollo Hospitals,Nellore,"₹50,000",C-Section Delivery,Dr. Manish Rao,4.1,ENT Specialist
Manipal Hospitals,Vijayawada,"₹2,00,000",Knee Replacement,Dr. Priya Menon,3.8,Renowned dermatologist
Care Hospitals,Rajahmundry,"₹2,00,000",Brain Surgery,Dr. Meera Joshi,4,Experienced general surgeon
Rainbow Hospitals,Vijayawada,"₹80,000",Skin Treatment,Dr. Meera Joshi,4.6,Experienced general surgeon
Care Hospitals,Rajahmundry,"₹5,00,000",Child Vaccination,Dr. Anand Sharma,4.7,Top gynecologist
Apollo Hospitals,Kakinada,"₹80,000",C-Section Delivery,Dr. Meera Joshi,4.6,Experienced general surgeon
Apollo Hospitals,Hyderabad,"₹2,00,000",Ear Surgery,Dr. Priya Menon,4.9,Experienced general surgeon
Care Hospitals,Tirupati,"₹2,00,000",Knee Replacement,Dr. Kavitha Reddy,3.5,Cardiac specialist
Manipal Hospitals,Rajahmundry,"₹1,50,000",Chemotherapy,Dr. Sneha Rao,3.7,Pediatric specialist
Aayush Hospitals,Hyderabad,"₹50,000",Child Vaccination,Dr. Kavitha Reddy,4.2,Best orthopedic surgeon
Apollo Hospitals,Rajahmundry,"₹1,50,000",Appendix Surgery,Dr. Sandeep Varma,4.8,Pediatric specialist
Omni Hospitals,Tirupati,"₹3,00,000",Chemotherapy,Dr. Meera Joshi,4,Expert in cardiology
Andhra Hospitals,Kakinada,"₹50,000",Ear Surgery,Dr. Meera Joshi,3.9,ENT Specialist
Andhra Hospitals,Hyderabad,"₹2,00,000",C-Section Delivery,Dr. Priya Menon,3.6,Best orthopedic surgeon
KIMS Hospitals,Tirupati,"₹1,00,000",Angioplasty,Dr. Kavitha Reddy,4.3,Oncology expert
Andhra Hospitals,Rajahmundry,"₹1,50,000",Skin Treatment,Dr. Neha Sharma,4.7,Oncology expert
Sunshine Hospitals,Kakinada,"₹3,00,000",Chemotherapy,Dr. Anand Sharma,4.6,ENT Specialist
Rainbow Hospitals,Nellore,"₹3,00,000",Skin Treatment,Dr. Kavitha Reddy,3.7,Oncology expert
Aayush Hospitals,Guntur,"₹5,00,000",Heart Bypass Surgery,Dr. Anand Sharma,4.4,Renowned dermatologist
Aayush Hospitals,Rajahmundry,"₹2,00,000",Skin Treatment,Dr. Ramesh Kumar,4.2,ENT Specialist
Rainbow Hospitals,Tirupati,"₹1,50,000",Appendix Surgery,Dr. Neha Sharma,4,Best neurologist
Aayush Hospitals,Hyderabad,"₹1,50,000",Skin Treatment,Dr. Meera Joshi,4.4,Renowned dermatologist
Andhra Hospitals,Kakinada,"₹80,000",Heart Bypass Surgery,Dr. Sandeep Varma,4.2,Renowned dermatologist
Sunshine Hospitals,Tirupati,"₹5,00,000",Angioplasty,Dr. Sneha Rao,4.8,Expert in cardiology
Omni Hospitals,Vijayawada,"₹2,00,000",Appendix Surgery,Dr. Sneha Rao,4.3,Renowned dermatologist
Care Hospitals,Vijayawada,"₹1,00,000",Skin Treatment,Dr. Ramesh Kumar,3.7,Cardiac specialist
KIMS Hospitals,Rajahmundry,"₹80,000",Ear Surgery,Dr. Kavitha Reddy,4.2,Top gynecologist
Manipal Hospitals,Kakinada,"₹1,50,000",Knee Replacement,Dr. Sneha Rao,3.6,Experienced general surgeon
Omni Hospitals,Tirupati,"₹1,00,000",Knee Replacement,Dr. Priya Menon,4.1,Oncology expert
Andhra Hospitals,Tirupati,"₹50,000",C-Section Delivery,Dr. Anand Sharma,4.5,Expert in cardiology
Manipal Hospitals,Tirupati,"₹3,00,000",Appendix Surgery,Dr. Neha Sharma,4.8,Renowned dermatologist
Omni Hospitals,Tirupati,"₹3,00,000",Heart Bypass Surgery,Dr. Kavitha Reddy,4,Expert in cardiology
Apollo Hospitals,Guntur,"₹80,000",Chemotherapy,Dr. Kavitha Reddy,4.2,Best orthopedic surgeon
Kamineni Hospitals,Nellore,"₹50,000",Heart Bypass Surgery,Dr. Kavitha Reddy,4.5,Best neurologist
Care Hospitals,Visakhapatnam,"₹1,50,000",Heart Bypass Surgery,Dr. Anand Sharma,3.5,Pediatric specialist
Apollo Hospitals,Hyderabad,"₹3,00,000",Heart Bypass Surgery,Dr. Neha Sharma,4.6,Cardiac specialist
Care Hospitals,Nellore,"₹2,00,000",Heart Bypass Surgery,Dr. Sandeep Varma,3.7,Top gynecologist
Sunshine Hospitals,Guntur,"₹5,00,000",Child Vaccination,Dr. Meera Joshi,4.1,Top gynecologist
Aayush Hospitals,Visakhapatnam,"₹1,00,000",Angioplasty,Dr. Sneha Rao,3.6,Best neurologist
KIMS Hospitals,Hyderabad,"₹50,000",Chemotherapy,Dr. Manish Rao,4.2,Experienced general surgeon
Rainbow Hospitals,Hyderabad,"₹3,00,000",Ear Surgery,Dr. Priya Menon,4.4,Best neurologist
Care Hospitals,Visakhapatnam,"₹5,00,000",Skin Treatment,Dr. Anand Sharma,3.8,Best orthopedic surgeon
Manipal Hospitals,Rajahmundry,"₹5,00,000",Appendix Surgery,Dr. Sneha Rao,4.4,Best neurologist
Sunshine Hospitals,Vijayawada,"₹5,00,000",Ear Surgery,Dr. Ramesh Kumar,4.4,Cardiac specialist
Rainbow Hospitals,Visakhapatnam,"₹5,00,000",Heart Bypass Surgery,Dr. Ramesh Kumar,4.4,Oncology expert
Manipal Hospitals,Kakinada,"₹50,000",Angioplasty,Dr. Sneha Rao,4.5,Expert in cardiology
Manipal Hospitals,Hyderabad,"₹1,50,000",Angioplasty,Dr. Meera Joshi,3.7,Pediatric specialist
Aayush Hospitals,Guntur,"₹1,50,000",Appendix Surgery,Dr. Anand Sharma,3.8,Experienced general surgeon
Apollo Hospitals,Hyderabad,"₹1,00,000",Chemotherapy,Dr. Priya Menon,4.2,Best neurologist
Aayush Hospitals,Guntur,"₹3,00,000",Knee Replacement,Dr. Manish Rao,3.8,Best orthopedic surgeon
Apollo Hospitals,Kakinada,"₹50,000",Skin Treatment,Dr. Sandeep Varma,4.6,Pediatric specialist
Andhra Hospitals,Nellore,"₹50,000",Angioplasty,Dr. Priya Menon,4,Pediatric specialist
Omni Hospitals,Hyderabad,"₹1,50,000",C-Section Delivery,Dr. Arjun Dev,5,Cardiac specialist
Care Hospitals,Nellore,"₹1,00,000",Brain Surgery,Dr. Arjun Dev,3.9,Top gynecologist
Sunshine Hospitals,Nellore,"₹1,00,000",Knee Replacement,Dr. Anand Sharma,4.3,Best neurologist
Rainbow Hospitals,Nellore,"₹2,00,000",Appendix Surgery,Dr. Sneha Rao,4.8,Best orthopedic surgeon
Kamineni Hospitals,Nellore,"₹3,00,000",Brain Surgery,Dr. Sandeep Varma,3.8,ENT Specialist
Rainbow Hospitals,Nellore,"₹1,50,000",Child Vaccination,Dr. Anand Sharma,4.9,Cardiac specialist
Andhra Hospitals,Visakhapatnam,"₹1,50,000",Skin Treatment,Dr. Arjun Dev,3.7,Best neurologist
Andhra Hospitals,Nellore,"₹50,000",Knee Replacement,Dr. Kavitha Reddy,3.8,Expert in cardiology
Sunshine Hospitals,Visakhapatnam,"₹2,00,000",Angioplasty,Dr. Meera Joshi,4.8,Cardiac specialist
Andhra Hospitals,Rajahmundry,"₹50,000",Child Vaccination,Dr. Sandeep Varma,4,Experienced general surgeon
Manipal Hospitals,Tirupati,"₹2,00,000",C-Section Delivery,Dr. Meera Joshi,4.7,Best neurologist
Omni Hospitals,Kakinada,"₹2,00,000",Appendix Surgery,Dr. Meera Joshi,4.7,Experienced general surgeon
KIMS Hospitals,Nellore,"₹80,000",Appendix Surgery,Dr. Ramesh Kumar,4.3,Top gynecologist
Sunshine Hospitals,Visakhapatnam,"₹2,00,000",Knee Replacement,Dr. Priya Menon,4,Pediatric specialist
Aayush Hospitals,Tirupati,"₹1,50,000",Heart Bypass Surgery,Dr. Neha Sharma,4.8,Experienced general surgeon
Sunshine Hospitals,Kakinada,"₹3,00,000",Chemotherapy,Dr. Manish Rao,3.6,Top gynecologist
Sunshine Hospitals,Vijayawada,"₹2,00,000",Brain Surgery,Dr. Meera Joshi,4.9,Cardiac specialist
Andhra Hospitals,Tirupati,"₹50,000",Chemotherapy,Dr. Meera Joshi,4.7,Expert in cardiology
Care Hospitals,Visakhapatnam,"₹50,000",Brain Surgery,Dr. Meera Joshi,4.1,Pediatric specialist
Aayush Hospitals,Nellore,"₹2,00,000",Knee Replacement,Dr. Kavitha Reddy,3.5,ENT Specialist
Kamineni Hospitals,Rajahmundry,"₹1,50,000",C-Section Delivery,Dr. Meera Joshi,4.5,Top gynecologist
KIMS Hospitals,Guntur,"₹50,000",Heart Bypass Surgery,Dr. Sneha Rao,4,Best neurologist
Care Hospitals,Rajahmundry,"₹50,000",Brain Surgery,Dr. Kavitha Reddy,3.7,ENT Specialist
Andhra Hospitals,Vijayawada,"₹2,00,000",Child Vaccination,Dr. Priya Menon,4.5,Best orthopedic surgeon
Andhra Hospitals,Nellore,"₹2,00,000",Knee Replacement,Dr. Sneha Rao,4.2,Renowned dermatologist
Omni Hospitals,Tirupati,"₹5,00,000",Skin Treatment,Dr. Sandeep Varma,4.5,Best neurologist
Kamineni Hospitals,Hyderabad,"₹80,000",C-Section Delivery,Dr. Sandeep Varma,4.2,ENT Specialist
Rainbow Hospitals,Kakinada,"₹1,50,000",Brain Surgery,Dr. Arjun Dev,4.7,ENT Specialist
Care Hospitals,Nellore,"₹50,000",Ear Surgery,Dr. Anand Sharma,4.7,Top gynecologist
Care Hospitals,Guntur,"₹80,000",Chemotherapy,Dr. Anand Sharma,4.6,Pediatric specialist
Apollo Hospitals,Guntur,"₹1,50,000",Ear Surgery,Dr. Sandeep Varma,3.9,Pediatric specialist
Andhra Hospitals,Nellore,"₹80,000",Skin Treatment,Dr. Meera Joshi,5,Best orthopedic surgeon
Sunshine Hospitals,Hyderabad,"₹5,00,000",Child Vaccination,Dr. Meera Joshi,4.4,Expert in cardiology
Andhra Hospitals,Kakinada,"₹5,00,000",Heart Bypass Surgery,Dr. Anand Sharma,4.3,Experienced general surgeon
Care Hospitals,Vijayawada,"₹80,000",Child Vaccination,Dr. Priya Menon,4,Top gynecologist
Andhra Hospitals,Hyderabad,"₹80,000",Chemotherapy,Dr. Ramesh Kumar,4.3,Cardiac specialist
Omni Hospitals,Nellore,"₹2,00,000",Knee Replacement,Dr. Neha Sharma,4.1,Expert in cardiology
Care Hospitals,Visakhapatnam,"₹80,000",Brain Surgery,Dr. Priya Menon,4.4,Top gynecologist
Manipal Hospitals,Vijayawada,"₹1,00,000",C-Section Delivery,Dr. Manish Rao,4.2,Renowned dermatologist
Sunshine Hospitals,Guntur,"₹1,00,000",Angioplasty,Dr. Neha Sharma,4.7,Expert in cardiology
Kamineni Hospitals,Guntur,"₹5,00,000",Ear Surgery,Dr. Neha Sharma,4.3,Cardiac specialist
Kamineni Hospitals,Nellore,"₹50,000",Knee Replacement,Dr. Anand Sharma,3.6,ENT Specialist
Care Hospitals,Rajahmundry,"₹1,00,000",Knee Replacement,Dr. Anand Sharma,4.7,Best neurologist
Apollo Hospitals,Hyderabad,"₹1,50,000",Brain Surgery,Dr. Priya Menon,4.1,Expert in cardiology
Manipal Hospitals,Visakhapatnam,"₹1,00,000",Brain Surgery,Dr. Arjun Dev,4.9,Expert in cardiology
Kamineni Hospitals,Kakinada,"₹1,00,000",Child Vaccination,Dr. Neha Sharma,4.8,Oncology expert
Care Hospitals,Hyderabad,"₹2,00,000",Child Vaccination,Dr. Sandeep Varma,4.6,Best neurologist
Andhra Hospitals,Visakhapatnam,"₹3,00,000",Knee Replacement,Dr. Manish Rao,3.8,Experienced general surgeon
KIMS Hospitals,Hyderabad,"₹1,00,000",Knee Replacement,Dr. Manish Rao,4.1,ENT Specialist
Apollo Hospitals,Nellore,"₹2,00,000",Chemotherapy,Dr. Kavitha Reddy,4.5,Best neurologist
KIMS Hospitals,Kakinada,"₹50,000",Appendix Surgery,Dr. Kavitha Reddy,3.7,Top gynecologist
Andhra Hospitals,Kakinada,"₹3,00,000",Heart Bypass Surgery,Dr. Neha Sharma,4.1,ENT Specialist
Care Hospitals,Rajahmundry,"₹2,00,000",Angioplasty,Dr. Kavitha Reddy,5,Pediatric specialist
Sunshine Hospitals,Guntur,"₹80,000",Angioplasty,Dr. Anand Sharma,4,Best orthopedic surgeon
KIMS Hospitals,Nellore,"₹2,00,000",Knee Replacement,Dr. Manish Rao,4.6,Best orthopedic surgeon
Aayush Hospitals,Nellore,"₹5,00,000",Ear Surgery,Dr. Anand Sharma,4.8,Cardiac specialist
KIMS Hospitals,Tirupati,"₹1,50,000",Chemotherapy,Dr. Ramesh Kumar,3.8,Renowned dermatologist
Apollo Hospitals,Rajahmundry,"₹50,000",Ear Surgery,Dr. Sandeep Varma,5,Expert in cardiology
Sunshine Hospitals,Nellore,"₹50,000",Ear Surgery,Dr. Neha Sharma,4.4,Oncology expert
Omni Hospitals,Hyderabad,"₹5,00,000",Heart Bypass Surgery,Dr. Sneha Rao,3.8,Experienced general surgeon
KIMS Hospitals,Tirupati,"₹1,00,000",Brain Surgery,Dr. Sandeep Varma,3.8,Best orthopedic surgeon
Sunshine Hospitals,Visakhapatnam,"₹5,00,000",Brain Surgery,Dr. Anand Sharma,4.6,Top gynecologist
Care Hospitals,Kakinada,"₹80,000",Appendix Surgery,Dr. Sandeep Varma,3.6,Oncology expert
Manipal Hospitals,Guntur,"₹50,000",Ear Surgery,Dr. Sneha Rao,3.7,Experienced general surgeon
Apollo Hospitals,Vijayawada,"₹1,00,000",Angioplasty,Dr. Ramesh Kumar,4,Top gynecologist
Apollo Hospitals,Tirupati,"₹50,000",Brain Surgery,Dr. Neha Sharma,4.9,Expert in cardiology
Aayush Hospitals,Vijayawada,"₹80,000",Brain Surgery,Dr. Sneha Rao,3.9,Experienced general surgeon
Sunshine Hospitals,Visakhapatnam,"₹50,000",Appendix Surgery,Dr. Manish Rao,4.8,Pediatric specialist
Rainbow Hospitals,Nellore,"₹5,00,000",Child Vaccination,Dr. Sandeep Varma,3.7,Best orthopedic surgeon
Kamineni Hospitals,Guntur,"₹80,000",Skin Treatment,Dr. Sneha Rao,4,Best neurologist
Aayush Hospitals,Rajahmundry,"₹2,00,000",Heart Bypass Surgery,Dr. Arjun Dev,4.3,Best neurologist
Manipal Hospitals,Visakhapatnam,"₹1,50,000",Appendix Surgery,Dr. Priya Menon,4.1,Cardiac specialist
Aayush Hospitals,Rajahmundry,"₹1,50,000",Skin Treatment,Dr. Arjun Dev,4.1,Cardiac specialist
Rainbow Hospitals,Visakhapatnam,"₹5,00,000",Brain Surgery,Dr. Anand Sharma,4.6,Pediatric specialist
Omni Hospitals,Hyderabad,"₹80,000",Angioplasty,Dr. Manish Rao,4.3,Oncology expert
Care Hospitals,Nellore,"₹80,000",Appendix Surgery,Dr. Meera Joshi,4.7,ENT Specialist
Kamineni Hospitals,Rajahmundry,"₹1,00,000",Child Vaccination,Dr. Kavitha Reddy,4.6,Best neurologist
Aayush Hospitals,Tirupati,"₹1,50,000",Angioplasty,Dr. Anand Sharma,4.1,Experienced general surgeon
Rainbow Hospitals,Vijayawada,"₹80,000",Child Vaccination,Dr. Ramesh Kumar,4.4,Expert in cardiology
Apollo Hospitals,Kakinada,"₹2,00,000",Skin Treatment,Dr. Sneha Rao,4.9,ENT Specialist
Rainbow Hospitals,Rajahmundry,"₹3,00,000",Angioplasty,Dr. Anand Sharma,4.7,Top gynecologist
Care Hospitals,Rajahmundry,"₹5,00,000",Brain Surgery,Dr. Neha Sharma,4.5,Pediatric specialist
Omni Hospitals,Nellore,"₹1,50,000",Ear Surgery,Dr. Ramesh Kumar,3.6,Top gynecologist
Care Hospitals,Kakinada,"₹50,000",Angioplasty,Dr. Ramesh Kumar,3.6,Renowned dermatologist
Omni Hospitals,Guntur,"₹1,50,000",Chemotherapy,Dr. Meera Joshi,4.5,Cardiac specialist
Apollo Hospitals,Nellore,"₹5,00,000",Chemotherapy,Dr. Sneha Rao,3.5,Pediatric specialist
Andhra Hospitals,Rajahmundry,"₹3,00,000",Angioplasty,Dr. Ramesh Kumar,4.3,Best neurologist
Manipal Hospitals,Tirupati,"₹5,00,000",Skin Treatment,Dr. Manish Rao,4,Oncology expert
Manipal Hospitals,Kakinada,"₹5,00,000",Chemotherapy,Dr. Priya Menon,4.2,Best neurologist
Manipal Hospitals,Kakinada,"₹50,000",Skin Treatment,Dr. Ramesh Kumar,3.5,Top gynecologist
Kamineni Hospitals,Visakhapatnam,"₹1,50,000",Child Vaccination,Dr. Sneha Rao,3.8,Pediatric specialist
Andhra Hospitals,Hyderabad,"₹50,000",Ear Surgery,Dr. Sandeep Varma,4.6,Renowned dermatologist
KIMS Hospitals,Kakinada,"₹1,00,000",Knee Replacement,Dr. Sneha Rao,3.6,Expert in cardiology
Andhra Hospitals,Kakinada,"₹3,00,000",C-Section Delivery,Dr. Kavitha Reddy,5,Best neurologist
Rainbow Hospitals,Vijayawada,"₹80,000",Knee Replacement,Dr. Anand Sharma,3.8,ENT Specialist
Aayush Hospitals,Guntur,"₹1,50,000",Knee Replacement,Dr. Arjun Dev,5,Oncology expert
Apollo Hospitals,Vijayawada,"₹80,000",Angioplasty,Dr. Ramesh Kumar,4.7,Cardiac specialist
Rainbow Hospitals,Kakinada,"₹2,00,000",Brain Surgery,Dr. Ramesh Kumar,4.1,Best orthopedic surgeon
Manipal Hospitals,Tirupati,"₹1,00,000",Angioplasty,Dr. Arjun Dev,3.8,ENT Specialist
Aayush Hospitals,Guntur,"₹50,000",Child Vaccination,Dr. Anand Sharma,5,Oncology expert
Kamineni Hospitals,Hyderabad,"₹3,00,000",Knee Replacement,Dr. Ramesh Kumar,4.4,Pediatric specialist
Apollo Hospitals,Nellore,"₹80,000",Brain Surgery,Dr. Sandeep Varma,4.7,Oncology expert
Apollo Hospitals,Rajahmundry,"₹50,000",C-Section Delivery,Dr. Neha Sharma,4.6,Pediatric specialist
Care Hospitals,Visakhapatnam,"₹1,00,000",Brain Surgery,Dr. Anand Sharma,3.6,ENT Specialist
Andhra Hospitals,Vijayawada,"₹2,00,000",Ear Surgery,Dr. Sneha Rao,4.2,ENT Specialist
Rainbow Hospitals,Tirupati,"₹5,00,000",Angioplasty,Dr. Neha Sharma,4.9,Best neurologist
Manipal Hospitals,Tirupati,"₹50,000",Knee Replacement,Dr. Sneha Rao,4.8,Cardiac specialist
Kamineni Hospitals,Rajahmundry,"₹80,000",Knee Replacement,Dr. Arjun Dev,3.5,ENT Specialist
Aayush Hospitals,Nellore,"₹1,50,000",Chemotherapy,Dr. Neha Sharma,4.2,Oncology expert
Sunshine Hospitals,Vijayawada,"₹3,00,000",Skin Treatment,Dr. Kavitha Reddy,4.1,Best neurologist
Manipal Hospitals,Kakinada,"₹3,00,000",Child Vaccination,Dr. Ramesh Kumar,4.6,Best orthopedic surgeon
KIMS Hospitals,Nellore,"₹2,00,000",Child Vaccination,Dr. Ramesh Kumar,4.2,Expert in cardiology
Kamineni Hospitals,Visakhapatnam,"₹1,00,000",Angioplasty,Dr. Priya Menon,3.5,Best orthopedic surgeon
Kamineni Hospitals,Hyderabad,"₹5,00,000",Child Vaccination,Dr. Sandeep Varma,4.4,Experienced general surgeon
Care Hospitals,Hyderabad,"₹2,00,000",Heart Bypass Surgery,Dr. Neha Sharma,4.6,Best neurologist
Aayush Hospitals,Tirupati,"₹5,00,000",C-Section Delivery,Dr. Sandeep Varma,4.6,Top gynecologist
Aayush Hospitals,Visakhapatnam,"₹1,50,000",Child Vaccination,Dr. Neha Sharma,3.6,Pediatric specialist
Sunshine Hospitals,Vijayawada,"₹5,00,000",C-Section Delivery,Dr. Arjun Dev,4.8,Renowned dermatologist
Omni Hospitals,Rajahmundry,"₹1,50,000",Chemotherapy,Dr. Manish Rao,3.9,Oncology expert
KIMS Hospitals,Vijayawada,"₹3,00,000",Ear Surgery,Dr. Ramesh Kumar,3.5,Experienced general surgeon
Kamineni Hospitals,Tirupati,"₹80,000",Child Vaccination,Dr. Anand Sharma,4.2,Experienced general surgeon
Omni Hospitals,Hyderabad,"₹1,00,000",Knee Replacement,Dr. Neha Sharma,4.3,Best neurologist
Rainbow Hospitals,Rajahmundry,"₹3,00,000",Angioplasty,Dr. Kavitha Reddy,3.9,Renowned dermatologist
Sunshine Hospitals,Hyderabad,"₹2,00,000",Angioplasty,Dr. Anand Sharma,4.1,Oncology expert
Manipal Hospitals,Rajahmundry,"₹1,00,000",C-Section Delivery,Dr. Manish Rao,4.7,Oncology expert
Andhra Hospitals,Nellore,"₹1,00,000",Chemotherapy,Dr. Priya Menon,3.9,Experienced general surgeon
Care Hospitals,Nellore,"₹1,50,000",Angioplasty,Dr. Anand Sharma,4.7,Pediatric specialist
Omni Hospitals,Vijayawada,"₹80,000",Angioplasty,Dr. Manish Rao,4,ENT Specialist
Manipal Hospitals,Visakhapatnam,"₹2,00,000",Skin Treatment,Dr. Meera Joshi,4.5,Oncology expert
Manipal Hospitals,Rajahmundry,"₹1,50,000",Appendix Surgery,Dr. Meera Joshi,4.3,Oncology expert
Sunshine Hospitals,Kakinada,"₹5,00,000",Chemotherapy,Dr. Priya Menon,3.5,Expert in cardiology
Aayush Hospitals,Kakinada,"₹5,00,000",Skin Treatment,Dr. Neha Sharma,4.4,Pediatric specialist
Aayush Hospitals,Rajahmundry,"₹80,000",C-Section Delivery,Dr. Sandeep Varma,3.7,Renowned dermatologist
Aayush Hospitals,Vijayawada,"₹5,00,000",Brain Surgery,Dr. Kavitha Reddy,4,Oncology expert
Sunshine Hospitals,Kakinada,"₹5,00,000",Brain Surgery,Dr. Meera Joshi,4.6,Renowned dermatologist
Care Hospitals,Hyderabad,"₹3,00,000",Appendix Surgery,Dr. Neha Sharma,3.9,Best neurologist
Andhra Hospitals,Hyderabad,"₹3,00,000",Knee Replacement,Dr. Arjun Dev,4.3,Oncology expert
Sunshine Hospitals,Rajahmundry,"₹1,00,000",Ear Surgery,Dr. Sneha Rao,3.5,Cardiac specialist
Manipal Hospitals,Kakinada,"₹3,00,000",C-Section Delivery,Dr. Sandeep Varma,4.5,ENT Specialist
Apollo Hospitals,Nellore,"₹80,000",Brain Surgery,Dr. Arjun Dev,4.4,Oncology expert
Sunshine Hospitals,Visakhapatnam,"₹1,00,000",Angioplasty,Dr. Priya Menon,4.3,Expert in cardiology
Rainbow Hospitals,Vijayawada,"₹5,00,000",Chemotherapy,Dr. Ramesh Kumar,4.3,Experienced general surgeon
Aayush Hospitals,Rajahmundry,"₹1,50,000",C-Section Delivery,Dr. Kavitha Reddy,3.6,Experienced general surgeon
KIMS Hospitals,Guntur,"₹2,00,000",Angioplasty,Dr. Neha Sharma,4.2,Pediatric specialist
Manipal Hospitals,Kakinada,"₹5,00,000",Skin Treatment,Dr. Anand Sharma,4,Expert in cardiology
Manipal Hospitals,Kakinada,"₹1,00,000",Knee Replacement,Dr. Meera Joshi,4.1,Experienced general surgeon
Sunshine Hospitals,Guntur,"₹1,00,000",Brain Surgery,Dr. Kavitha Reddy,4.2,Best orthopedic surgeon
Care Hospitals,Kakinada,"₹80,000",Skin Treatment,Dr. Arjun Dev,4.9,Best neurologist
Omni Hospitals,Hyderabad,"₹3,00,000",Child Vaccination,Dr. Sneha Rao,4.2,Oncology expert
KIMS Hospitals,Visakhapatnam,"₹3,00,000",Angioplasty,Dr. Sandeep Varma,4.1,ENT Specialist
Omni Hospitals,Nellore,"₹3,00,000",Brain Surgery,Dr. Ramesh Kumar,3.8,Cardiac specialist
Sunshine Hospitals,Hyderabad,"₹1,50,000",Chemotherapy,Dr. Arjun Dev,4.1,Expert in cardiology
Aayush Hospitals,Kakinada,"₹2,00,000",Child Vaccination,Dr. Neha Sharma,4.8,ENT Specialist
Kamineni Hospitals,Kakinada,"₹5,00,000",Angioplasty,Dr. Sneha Rao,4.8,Top gynecologist
Andhra Hospitals,Visakhapatnam,"₹50,000",Appendix Surgery,Dr. Manish Rao,3.7,Renowned dermatologist
Rainbow Hospitals,Guntur,"₹2,00,000",Heart Bypass Surgery,Dr. Anand Sharma,3.8,Oncology expert
Kamineni Hospitals,Rajahmundry,"₹2,00,000",Ear Surgery,Dr. Arjun Dev,4.8,Best neurologist
Omni Hospitals,Guntur,"₹5,00,000",Chemotherapy,Dr. Anand Sharma,4.5,Experienced general surgeon
Aayush Hospitals,Visakhapatnam,"₹50,000",C-Section Delivery,Dr. Anand Sharma,3.8,Expert in cardiology
Manipal Hospitals,Kakinada,"₹1,50,000",Child Vaccination,Dr. Sneha Rao,4.8,Expert in cardiology
Care Hospitals,Guntur,"₹5,00,000",Heart Bypass Surgery,Dr. Sneha Rao,4.2,Renowned dermatologist
Rainbow Hospitals,Rajahmundry,"₹80,000",Angioplasty,Dr. Arjun Dev,4.9,Pediatric specialist
Care Hospitals,Visakhapatnam,"₹1,50,000",C-Section Delivery,Dr. Kavitha Reddy,4,Best orthopedic surgeon
Sunshine Hospitals,Nellore,"₹3,00,000",Knee Replacement,Dr. Arjun Dev,4.7,Renowned dermatologist
Aayush Hospitals,Rajahmundry,"₹2,00,000",Brain Surgery,Dr. Priya Menon,4.2,Renowned dermatologist
Aayush Hospitals,Visakhapatnam,"₹1,50,000",Child Vaccination,Dr. Sneha Rao,4.1,Top gynecologist
Care Hospitals,Nellore,"₹2,00,000",Angioplasty,Dr. Ramesh Kumar,4.2,Best orthopedic surgeon
Omni Hospitals,Vijayawada,"₹1,50,000",Appendix Surgery,Dr. Meera Joshi,4.3,ENT Specialist
Rainbow Hospitals,Tirupati,"₹3,00,000",Knee Replacement,Dr. Kavitha Reddy,3.5,Experienced general surgeon
Kamineni Hospitals,Vijayawada,"₹1,50,000",Knee Replacement,Dr. Sandeep Varma,4.3,Experienced general surgeon
Manipal Hospitals,Hyderabad,"₹5,00,000",C-Section Delivery,Dr. Manish Rao,3.7,Best orthopedic surgeon
Sunshine Hospitals,Tirupati,"₹2,00,000",Angioplasty,Dr. Arjun Dev,4.3,Best orthopedic surgeon
Apollo Hospitals,Nellore,"₹1,50,000",Appendix Surgery,Dr. Arjun Dev,4.7,Cardiac specialist
Aayush Hospitals,Hyderabad,"₹50,000",Chemotherapy,Dr. Neha Sharma,4.4,Cardiac specialist
Apollo Hospitals,Visakhapatnam,"₹1,50,000",Angioplasty,Dr. Priya Menon,4.1,Experienced general surgeon
Care Hospitals,Tirupati,"₹80,000",Ear Surgery,Dr. Sandeep Varma,4.7,Oncology expert
Care Hospitals,Vijayawada,"₹5,00,000",Chemotherapy,Dr. Priya Menon,4.9,Experienced general surgeon
Aayush Hospitals,Hyderabad,"₹1,00,000",Chemotherapy,Dr. Sneha Rao,4,Pediatric specialist
Care Hospitals,Nellore,"₹1,00,000",C-Section Delivery,Dr. Manish Rao,3.9,Pediatric specialist
Sunshine Hospitals,Hyderabad,"₹2,00,000",C-Section Delivery,Dr. Manish Rao,4.1,Expert in cardiology
Manipal Hospitals,Guntur,"₹1,00,000",Chemotherapy,Dr. Priya Menon,3.7,Renowned dermatologist
Rainbow Hospitals,Guntur,"₹3,00,000",Knee Replacement,Dr. Priya Menon,3.8,Renowned dermatologist
Manipal Hospitals,Rajahmundry,"₹1,00,000",Knee Replacement,Dr. Meera Joshi,4.4,Oncology expert
KIMS Hospitals,Kakinada,"₹1,50,000",Knee Replacement,Dr. Sneha Rao,4.2,Best orthopedic surgeon
Omni Hospitals,Kakinada,"₹1,00,000",Heart Bypass Surgery,Dr. Meera Joshi,4.8,Expert in cardiology
Andhra Hospitals,Vijayawada,"₹1,00,000",Brain Surgery,Dr. Sandeep Varma,4.3,Oncology expert
Omni Hospitals,Hyderabad,"₹3,00,000",Heart Bypass Surgery,Dr. Meera Joshi,4.2,Renowned dermatologist
Care Hospitals,Kakinada,"₹50,000",Ear Surgery,Dr. Neha Sharma,4.2,ENT Specialist
Care Hospitals,Hyderabad,"₹50,000",C-Section Delivery,Dr. Anand Sharma,4.2,Cardiac specialist
Kamineni Hospitals,Visakhapatnam,"₹1,00,000",Ear Surgery,Dr. Priya Menon,4.4,Cardiac specialist
Omni Hospitals,Tirupati,"₹2,00,000",Child Vaccination,Dr. Sneha Rao,4.6,Best neurologist
Omni Hospitals,Guntur,"₹80,000",Brain Surgery,Dr. Ramesh Kumar,3.7,Renowned dermatologist
KIMS Hospitals,Vijayawada,"₹1,50,000",Knee Replacement,Dr. Sandeep Varma,4.3,Pediatric specialist
KIMS Hospitals,Vijayawada,"₹1,00,000",Chemotherapy,Dr. Arjun Dev,4.9,Experienced general surgeon
Care Hospitals,Visakhapatnam,"₹80,000",Child Vaccination,Dr. Priya Menon,3.7,Cardiac specialist
Aayush Hospitals,Nellore,"₹50,000",Chemotherapy,Dr. Neha Sharma,4.7,Best orthopedic surgeon
Care Hospitals,Kakinada,"₹5,00,000",Appendix Surgery,Dr. Arjun Dev,4.9,Best neurologist
Aayush Hospitals,Hyderabad,"₹1,00,000",Heart Bypass Surgery,Dr. Kavitha Reddy,4.6,Pediatric specialist
Manipal Hospitals,Rajahmundry,"₹3,00,000",C-Section Delivery,Dr. Meera Joshi,4.6,Top gynecologist
KIMS Hospitals,Kakinada,"₹5,00,000",Brain Surgery,Dr. Manish Rao,4.1,Oncology expert
Aayush Hospitals,Vijayawada,"₹80,000",Knee Replacement,Dr. Arjun Dev,4.7,Best orthopedic surgeon
Apollo Hospitals,Tirupati,"₹5,00,000",Brain Surgery,Dr. Kavitha Reddy,3.6,ENT Specialist
Apollo Hospitals,Kakinada,"₹50,000",Child Vaccination,Dr. Neha Sharma,4.1,Top gynecologist
Aayush Hospitals,Guntur,"₹3,00,000",Skin Treatment,Dr. Neha Sharma,4.7,ENT Specialist
Kamineni Hospitals,Guntur,"₹50,000",Heart Bypass Surgery,Dr. Meera Joshi,3.7,Oncology expert
Rainbow Hospitals,Hyderabad,"₹5,00,000",Angioplasty,Dr. Neha Sharma,4.1,Cardiac specialist
Andhra Hospitals,Visakhapatnam,"₹5,00,000",Skin Treatment,Dr. Meera Joshi,4.6,Experienced general surgeon
Apollo Hospitals,Hyderabad,"₹5,00,000",Chemotherapy,Dr. Meera Joshi,4,Best neurologist
Aayush Hospitals,Vijayawada,"₹1,00,000",Child Vaccination,Dr. Ramesh Kumar,5,Cardiac specialist
Kamineni Hospitals,Kakinada,"₹80,000",Skin Treatment,Dr. Manish Rao,3.7,Expert in cardiology
Rainbow Hospitals,Kakinada,"₹5,00,000",Ear Surgery,Dr. Ramesh Kumar,4.3,Expert in cardiology
Omni Hospitals,Nellore,"₹2,00,000",Brain Surgery,Dr. Arjun Dev,4.4,Cardiac specialist
Sunshine Hospitals,Guntur,"₹3,00,000",Appendix Surgery,Dr. Manish Rao,3.7,Best orthopedic surgeon
Manipal Hospitals,Kakinada,"₹5,00,000",Skin Treatment,Dr. Sandeep Varma,3.6,Cardiac specialist
Manipal Hospitals,Kakinada,"₹3,00,000",Child Vaccination,Dr. Manish Rao,4.6,Experienced general surgeon
Manipal Hospitals,Rajahmundry,"₹1,00,000",Ear Surgery,Dr. Sneha Rao,4.1,Experienced general surgeon
Apollo Hospitals,Rajahmundry,"₹80,000",Chemotherapy,Dr. Sneha Rao,4.3,Oncology expert
Care Hospitals,Nellore,"₹50,000",Brain Surgery,Dr. Priya Menon,4.9,Renowned dermatologist
Apollo Hospitals,Rajahmundry,"₹1,00,000",Chemotherapy,Dr. Arjun Dev,4.9,Best neurologist
Omni Hospitals,Nellore,"₹1,50,000",Angioplasty,Dr. Anand Sharma,4.4,Best neurologist
Aayush Hospitals,Visakhapatnam,"₹5,00,000",Skin Treatment,Dr. Anand Sharma,4.1,Best orthopedic surgeon
Sunshine Hospitals,Tirupati,"₹5,00,000",Angioplasty,Dr. Sandeep Varma,4.2,Oncology expert
KIMS Hospitals,Nellore,"₹1,00,000",Heart Bypass Surgery,Dr. Anand Sharma,3.7,ENT Specialist
Aayush Hospitals,Guntur,"₹3,00,000",Knee Replacement,Dr. Priya Menon,3.6,ENT Specialist
Andhra Hospitals,Tirupati,"₹1,50,000",Child Vaccination,Dr. Meera Joshi,3.7,Pediatric specialist
Apollo Hospitals,Guntur,"₹3,00,000",Child Vaccination,Dr. Anand Sharma,4.7,Top gynecologist
KIMS Hospitals,Tirupati,"₹50,000",Brain Surgery,Dr. Arjun Dev,4,Expert in cardiology
Sunshine Hospitals,Vijayawada,"₹3,00,000",Chemotherapy,Dr. Anand Sharma,4.1,ENT Specialist
Manipal Hospitals,Rajahmundry,"₹5,00,000",Brain Surgery,Dr. Sandeep Varma,4.7,Renowned dermatologist
Kamineni Hospitals,Rajahmundry,"₹50,000",Appendix Surgery,Dr. Sandeep Varma,4,Pediatric specialist
Kamineni Hospitals,Kakinada,"₹80,000",Angioplasty,Dr. Neha Sharma,5,Pediatric specialist
Care Hospitals,Visakhapatnam,"₹2,00,000",Chemotherapy,Dr. Kavitha Reddy,3.6,Pediatric specialist
Manipal Hospitals,Kakinada,"₹5,00,000",Brain Surgery,Dr. Ramesh Kumar,4.3,Expert in cardiology
Aayush Hospitals,Vijayawada,"₹1,50,000",Chemotherapy,Dr. Sneha Rao,4.5,Renowned dermatologist
KIMS Hospitals,Hyderabad,"₹2,00,000",Ear Surgery,Dr. Manish Rao,4.5,ENT Specialist
Aayush Hospitals,Kakinada,"₹5,00,000",Angioplasty,Dr. Arjun Dev,4.8,Top gynecologist
Care Hospitals,Kakinada,"₹50,000",C-Section Delivery,Dr. Sandeep Varma,4.6,Top gynecologist
Sunshine Hospitals,Tirupati,"₹2,00,000",Ear Surgery,Dr. Ramesh Kumar,3.8,Pediatric specialist
Apollo Hospitals,Guntur,"₹2,00,000",Child Vaccination,Dr. Ramesh Kumar,4.8,Top gynecologist
Aayush Hospitals,Guntur,"₹5,00,000",Heart Bypass Surgery,Dr. Kavitha Reddy,4.4,Experienced general surgeon
Kamineni Hospitals,Tirupati,"₹1,50,000",Child Vaccination,Dr. Kavitha Reddy,4.2,Pediatric specialist
Aayush Hospitals,Hyderabad,"₹50,000",Chemotherapy,Dr. Sandeep Varma,4.2,Pediatric specialist
Care Hospitals,Rajahmundry,"₹50,000",Heart Bypass Surgery,Dr. Kavitha Reddy,4.7,Top gynecologist
Sunshine Hospitals,Vijayawada,"₹80,000",Ear Surgery,Dr. Kavitha Reddy,4,Top gynecologist
Manipal Hospitals,Guntur,"₹1,50,000",C-Section Delivery,Dr. Sneha Rao,5,Expert in cardiology
KIMS Hospitals,Nellore,"₹3,00,000",Skin Treatment,Dr. Neha Sharma,4.2,Renowned dermatologist
Sunshine Hospitals,Kakinada,"₹2,00,000",Brain Surgery,Dr. Neha Sharma,4.5,Best orthopedic surgeon
Kamineni Hospitals,Kakinada,"₹3,00,000",Angioplasty,Dr. Arjun Dev,3.6,ENT Specialist
Manipal Hospitals,Vijayawada,"₹80,000",Angioplasty,Dr. Neha Sharma,4.8,Best orthopedic surgeon
KIMS Hospitals,Kakinada,"₹5,00,000",Heart Bypass Surgery,Dr. Manish Rao,4.1,Pediatric specialist
Rainbow Hospitals,Rajahmundry,"₹5,00,000",Ear Surgery,Dr. Sneha Rao,4.1,Renowned dermatologist
Care Hospitals,Guntur,"₹50,000",Brain Surgery,Dr. Sneha Rao,4.6,Best neurologist
Apollo Hospitals,Kakinada,"₹5,00,000",Chemotherapy,Dr. Sneha Rao,4.3,ENT Specialist
Rainbow Hospitals,Guntur,"₹3,00,000",Angioplasty,Dr. Kavitha Reddy,5,Oncology expert
Omni Hospitals,Tirupati,"₹1,00,000",Heart Bypass Surgery,Dr. Sneha Rao,4.9,Best neurologist
Aayush Hospitals,Hyderabad,"₹1,00,000",Ear Surgery,Dr. Manish Rao,3.6,Pediatric specialist
Manipal Hospitals,Tirupati,"₹80,000",C-Section Delivery,Dr. Ramesh Kumar,3.5,ENT Specialist
Omni Hospitals,Guntur,"₹50,000",Heart Bypass Surgery,Dr. Manish Rao,4,Oncology expert
Rainbow Hospitals,Guntur,"₹3,00,000",Knee Replacement,Dr. Ramesh Kumar,3.5,Experienced general surgeon
Apollo Hospitals,Tirupati,"₹50,000",Chemotherapy,Dr. Sandeep Varma,4.2,Renowned dermatologist
Omni Hospitals,Nellore,"₹1,00,000",Knee Replacement,Dr. Priya Menon,4,Cardiac specialist
Andhra Hospitals,Guntur,"₹1,50,000",C-Section Delivery,Dr. Arjun Dev,4.6,Best neurologist
Andhra Hospitals,Vijayawada,"₹50,000",Skin Treatment,Dr. Ramesh Kumar,4.6,Expert in cardiology
Rainbow Hospitals,Hyderabad,"₹2,00,000",Chemotherapy,Dr. Meera Joshi,5,ENT Specialist
KIMS Hospitals,Guntur,"₹1,00,000",Appendix Surgery,Dr. Manish Rao,4.6,Best orthopedic surgeon
Care Hospitals,Rajahmundry,"₹50,000",Ear Surgery,Dr. Neha Sharma,3.8,Top gynecologist
Care Hospitals,Visakhapatnam,"₹1,50,000",Knee Replacement,Dr. Arjun Dev,4.6,Pediatric specialist
Omni Hospitals,Vijayawada,"₹1,50,000",Skin Treatment,Dr. Sandeep Varma,3.7,Cardiac specialist
KIMS Hospitals,Nellore,"₹5,00,000",Child Vaccination,Dr. Ramesh Kumar,4.2,Pediatric specialist
Rainbow Hospitals,Kakinada,"₹5,00,000",Brain Surgery,Dr. Meera Joshi,3.9,Expert in cardiology
Manipal Hospitals,Hyderabad,"₹2,00,000",Ear Surgery,Dr. Anand Sharma,3.6,Experienced general surgeon
Andhra Hospitals,Rajahmundry,"₹1,50,000",Angioplasty,Dr. Anand Sharma,3.6,Cardiac specialist
Sunshine Hospitals,Vijayawada,"₹50,000",Skin Treatment,Dr. Sandeep Varma,4.5,Top gynecologist
Manipal Hospitals,Hyderabad,"₹1,00,000",Brain Surgery,Dr. Ramesh Kumar,4.1,ENT Specialist
Apollo Hospitals,Kakinada,"₹1,50,000",Brain Surgery,Dr. Anand Sharma,4.7,Top gynecologist
Andhra Hospitals,Nellore,"₹50,000",Heart Bypass Surgery,Dr. Kavitha Reddy,4.9,Top gynecologist
Aayush Hospitals,Visakhapatnam,"₹1,50,000",Angioplasty,Dr. Meera Joshi,4.3,Experienced general surgeon
Apollo Hospitals,Nellore,"₹3,00,000",Skin Treatment,Dr. Neha Sharma,3.7,Top gynecologist
Care Hospitals,Hyderabad,"₹2,00,000",Heart Bypass Surgery,Dr. Meera Joshi,4.9,Best orthopedic surgeon
Manipal Hospitals,Vijayawada,"₹1,00,000",Child Vaccination,Dr. Ramesh Kumar,4.5,Cardiac specialist
Aayush Hospitals,Visakhapatnam,"₹50,000",Chemotherapy,Dr. Neha Sharma,3.6,Experienced general surgeon
Rainbow Hospitals,Nellore,"₹2,00,000",Appendix Surgery,Dr. Ramesh Kumar,3.9,Best orthopedic surgeon
Manipal Hospitals,Nellore,"₹80,000",Brain Surgery,Dr. Manish Rao,4.9,Renowned dermatologist
Manipal Hospitals,Tirupati,"₹2,00,000",Appendix Surgery,Dr. Manish Rao,4.1,Expert in cardiology
Care Hospitals,Tirupati,"₹1,00,000",Child Vaccination,Dr. Neha Sharma,4.2,ENT Specialist
Sunshine Hospitals,Kakinada,"₹5,00,000",Knee Replacement,Dr. Priya Menon,3.7,Renowned dermatologist
Omni Hospitals,Tirupati,"₹50,000",Appendix Surgery,Dr. Priya Menon,4.7,Oncology expert
Aayush Hospitals,Vijayawada,"₹2,00,000",Knee Replacement,Dr. Ramesh Kumar,3.7,Experienced general surgeon
KIMS Hospitals,Rajahmundry,"₹1,50,000",Ear Surgery,Dr. Manish Rao,4.6,Top gynecologist
Sunshine Hospitals,Rajahmundry,"₹1,00,000",Chemotherapy,Dr. Ramesh Kumar,5,ENT Specialist
Care Hospitals,Vijayawada,"₹2,00,000",Chemotherapy,Dr. Manish Rao,3.6,Cardiac specialist
Care Hospitals,Rajahmundry,"₹1,00,000",Heart Bypass Surgery,Dr. Ramesh Kumar,4.1,Best orthopedic surgeon
Andhra Hospitals,Rajahmundry,"₹2,00,000",Brain Surgery,Dr. Anand Sharma,4.1,Best orthopedic surgeon
Apollo Hospitals,Rajahmundry,"₹1,00,000",Child Vaccination,Dr. Meera Joshi,4.9,Best neurologist
Omni Hospitals,Vijayawada,"₹2,00,000",C-Section Delivery,Dr. Sandeep Varma,4.9,Top gynecologist
Sunshine Hospitals,Rajahmundry,"₹1,00,000",Heart Bypass Surgery,Dr. Neha Sharma,3.7,Best neurologist
KIMS Hospitals,Tirupati,"₹80,000",Brain Surgery,Dr. Arjun Dev,4.3,Pediatric specialist
Andhra Hospitals,Hyderabad,"₹80,000",Angioplasty,Dr. Ramesh Kumar,4.6,Oncology expert
Aayush Hospitals,Vijayawada,"₹50,000",Heart Bypass Surgery,Dr. Sandeep Varma,4.1,Pediatric specialist
Manipal Hospitals,Tirupati,"₹80,000",Child Vaccination,Dr. Meera Joshi,4.6,Experienced general surgeon
Apollo Hospitals,Vijayawada,"₹80,000",Heart Bypass Surgery,Dr. Ramesh Kumar,4.3,ENT Specialist
Omni Hospitals,Kakinada,"₹3,00,000",C-Section Delivery,Dr. Meera Joshi,3.9,Expert in cardiology
Andhra Hospitals,Rajahmundry,"₹3,00,000",Angioplasty,Dr. Anand Sharma,4.8,Best orthopedic surgeon
Care Hospitals,Nellore,"₹80,000",Heart Bypass Surgery,Dr. Sandeep Varma,4.1,Experienced general surgeon
Manipal Hospitals,Visakhapatnam,"₹5,00,000",Heart Bypass Surgery,Dr. Priya Menon,3.9,Expert in cardiology
Aayush Hospitals,Visakhapatnam,"₹3,00,000",Chemotherapy,Dr. Neha Sharma,3.8,Expert in cardiology
Andhra Hospitals,Rajahmundry,"₹2,00,000",Knee Replacement,Dr. Kavitha Reddy,4.1,Expert in cardiology
Andhra Hospitals,Nellore,"₹1,00,000",Chemotherapy,Dr. Anand Sharma,5,Oncology expert
Manipal Hospitals,Visakhapatnam,"₹1,50,000",Brain Surgery,Dr. Anand Sharma,4.3,Cardiac specialist
Omni Hospitals,Tirupati,"₹1,50,000",C-Section Delivery,Dr. Neha Sharma,4.6,Renowned dermatologist
Rainbow Hospitals,Guntur,"₹5,00,000",Brain Surgery,Dr. Anand Sharma,4.2,Oncology expert
Manipal Hospitals,Visakhapatnam,"₹2,00,000",Angioplasty,Dr. Sneha Rao,4.9,Best orthopedic surgeon
Omni Hospitals,Kakinada,"₹1,00,000",C-Section Delivery,Dr. Priya Menon,4.5,Best orthopedic surgeon
Sunshine Hospitals,Nellore,"₹3,00,000",Brain Surgery,Dr. Anand Sharma,3.7,Top gynecologist
Apollo Hospitals,Kakinada,"₹80,000",Appendix Surgery,Dr. Arjun Dev,4.9,Pediatric specialist
Apollo Hospitals,Vijayawada,"₹80,000",Angioplasty,Dr. Anand Sharma,4.2,Oncology expert
Kamineni Hospitals,Rajahmundry,"₹2,00,000",Brain Surgery,Dr. Meera Joshi,3.9,Expert in cardiology
Apollo Hospitals,Nellore,"₹2,00,000",Angioplasty,Dr. Sandeep Varma,3.9,Oncology expert
Sunshine Hospitals,Hyderabad,"₹1,00,000",Child Vaccination,Dr. Priya Menon,4.6,ENT Specialist
Rainbow Hospitals,Nellore,"₹2,00,000",Child Vaccination,Dr. Anand Sharma,4.6,Experienced general surgeon
Aayush Hospitals,Rajahmundry,"₹50,000",Chemotherapy,Dr. Sandeep Varma,4.7,Experienced general surgeon
Omni Hospitals,Kakinada,"₹2,00,000",Angioplasty,Dr. Meera Joshi,4.2,Renowned dermatologist
Care Hospitals,Tirupati,"₹5,00,000",C-Section Delivery,Dr. Meera Joshi,3.7,Cardiac specialist
Omni Hospitals,Kakinada,"₹50,000",Angioplasty,Dr. Kavitha Reddy,3.9,Best orthopedic surgeon
Aayush Hospitals,Kakinada,"₹1,50,000",Heart Bypass Surgery,Dr. Ramesh Kumar,4.9,ENT Specialist
Rainbow Hospitals,Vijayawada,"₹1,00,000",Child Vaccination,Dr. Sandeep Varma,3.5,Expert in cardiology
Care Hospitals,Guntur,"₹1,50,000",C-Section Delivery,Dr. Sandeep Varma,4.2,Renowned dermatologist
Aayush Hospitals,Tirupati,"₹1,00,000",Heart Bypass Surgery,Dr. Sandeep Varma,3.9,Best neurologist
Andhra Hospitals,Nellore,"₹80,000",Angioplasty,Dr. Manish Rao,4.4,ENT Specialist
Kamineni Hospitals,Kakinada,"₹3,00,000",Ear Surgery,Dr. Ramesh Kumar,4.5,Best neurologist
Sunshine Hospitals,Nellore,"₹1,00,000",Child Vaccination,Dr. Arjun Dev,3.6,Best orthopedic surgeon
Sunshine Hospitals,Hyderabad,"₹80,000",Heart Bypass Surgery,Dr. Ramesh Kumar,4.2,Experienced general surgeon
Sunshine Hospitals,Guntur,"₹1,50,000",C-Section Delivery,Dr. Ramesh Kumar,3.7,Best orthopedic surgeon
Care Hospitals,Nellore,"₹5,00,000",C-Section Delivery,Dr. Sneha Rao,4,Best neurologist
KIMS Hospitals,Tirupati,"₹1,50,000",Appendix Surgery,Dr. Anand Sharma,3.6,Renowned dermatologist
Apollo Hospitals,Tirupati,"₹80,000",Chemotherapy,Dr. Meera Joshi,4.6,ENT Specialist
Aayush Hospitals,Vijayawada,"₹5,00,000",Angioplasty,Dr. Neha Sharma,4.7,ENT Specialist
Omni Hospitals,Nellore,"₹2,00,000",Brain Surgery,Dr. Manish Rao,4.9,Oncology expert
KIMS Hospitals,Guntur,"₹1,50,000",Brain Surgery,Dr. Arjun Dev,3.7,Top gynecologist
Manipal Hospitals,Nellore,"₹80,000",Heart Bypass Surgery,Dr. Sandeep Varma,4.7,Cardiac specialist
Care Hospitals,Guntur,"₹1,00,000",Ear Surgery,Dr. Manish Rao,4.8,Oncology expert
Rainbow Hospitals,Hyderabad,"₹80,000",C-Section Delivery,Dr. Neha Sharma,4.8,Top gynecologist
Andhra Hospitals,Vijayawada,"₹80,000",Chemotherapy,Dr. Anand Sharma,3.7,Experienced general surgeon
Care Hospitals,Guntur,"₹1,50,000",Chemotherapy,Dr. Kavitha Reddy,3.6,Renowned dermatologist
Care Hospitals,Vijayawada,"₹50,000",C-Section Delivery,Dr. Priya Menon,4.9,Oncology expert
Sunshine Hospitals,Visakhapatnam,"₹1,50,000",C-Section Delivery,Dr. Manish Rao,3.8,Pediatric specialist
Omni Hospitals,Tirupati,"₹1,00,000",C-Section Delivery,Dr. Neha Sharma,3.7,Top gynecologist
Apollo Hospitals,Visakhapatnam,"₹2,00,000",Appendix Surgery,Dr. Anand Sharma,3.9,ENT Specialist
Rainbow Hospitals,Hyderabad,"₹1,50,000",Skin Treatment,Dr. Ramesh Kumar,4.7,Experienced general surgeon
Aayush Hospitals,Guntur,"₹3,00,000",Appendix Surgery,Dr. Kavitha Reddy,4.8,Oncology expert
Manipal Hospitals,Nellore,"₹50,000",Angioplasty,Dr. Kavitha Reddy,4.4,Best orthopedic surgeon
Andhra Hospitals,Hyderabad,"₹1,00,000",Skin Treatment,Dr. Anand Sharma,4.8,Experienced general surgeon
Care Hospitals,Kakinada,"₹2,00,000",Child Vaccination,Dr. Sneha Rao,4.3,Oncology expert
KIMS Hospitals,Hyderabad,"₹50,000",Angioplasty,Dr. Arjun Dev,5,Pediatric specialist
Aayush Hospitals,Hyderabad,"₹3,00,000",Angioplasty,Dr. Ramesh Kumar,3.9,Expert in cardiology
Kamineni Hospitals,Tirupati,"₹1,00,000",C-Section Delivery,Dr. Sandeep Varma,5,Best neurologist
Care Hospitals,Visakhapatnam,"₹2,00,000",Child Vaccination,Dr. Anand Sharma,3.9,Best neurologist
Sunshine Hospitals,Vijayawada,"₹5,00,000",Appendix Surgery,Dr. Ramesh Kumar,4.9,Oncology expert
Kamineni Hospitals,Kakinada,"₹5,00,000",Angioplasty,Dr. Sneha Rao,3.6,Best neurologist
KIMS Hospitals,Tirupati,"₹80,000",Appendix Surgery,Dr. Arjun Dev,4.3,Experienced general surgeon
Aayush Hospitals,Visakhapatnam,"₹2,00,000",Skin Treatment,Dr. Sneha Rao,3.8,Best orthopedic surgeon
Andhra Hospitals,Tirupati,"₹5,00,000",C-Section Delivery,Dr. Manish Rao,3.7,Best orthopedic surgeon
Omni Hospitals,Tirupati,"₹80,000",Ear Surgery,Dr. Sneha Rao,4.1,Experienced general surgeon
Andhra Hospitals,Nellore,"₹50,000",Heart Bypass Surgery,Dr. Anand Sharma,4.8,Top gynecologist
Omni Hospitals,Rajahmundry,"₹1,00,000",Heart Bypass Surgery,Dr. Ramesh Kumar,4,Renowned dermatologist
KIMS Hospitals,Visakhapatnam,"₹2,00,000",Heart Bypass Surgery,Dr. Sneha Rao,3.6,Experienced general surgeon
Manipal Hospitals,Rajahmundry,"₹3,00,000",Brain Surgery,Dr. Arjun Dev,4.9,Best neurologist
Sunshine Hospitals,Nellore,"₹2,00,000",Knee Replacement,Dr. Priya Menon,5,Best neurologist
Rainbow Hospitals,Visakhapatnam,"₹80,000",Heart Bypass Surgery,Dr. Kavitha Reddy,4,Cardiac specialist
Care Hospitals,Tirupati,"₹1,50,000",Brain Surgery,Dr. Priya Menon,3.5,Pediatric specialist
Kamineni Hospitals,Vijayawada,"₹1,00,000",Appendix Surgery,Dr. Neha Sharma,4.2,Best neurologist
Apollo Hospitals,Hyderabad,"₹3,00,000",Chemotherapy,Dr. Priya Menon,4.1,ENT Specialist
Sunshine Hospitals,Vijayawada,"₹1,50,000",Child Vaccination,Dr. Neha Sharma,4.6,Pediatric specialist
Manipal Hospitals,Kakinada,"₹2,00,000",Ear Surgery,Dr. Priya Menon,3.6,Best orthopedic surgeon
Rainbow Hospitals,Visakhapatnam,"₹50,000",Chemotherapy,Dr. Priya Menon,4.2,Oncology expert
Care Hospitals,Tirupati,"₹2,00,000",Child Vaccination,Dr. Anand Sharma,5,Pediatric specialist
Aayush Hospitals,Kakinada,"₹50,000",C-Section Delivery,Dr. Manish Rao,4.9,Best neurologist
Apollo Hospitals,Nellore,"₹5,00,000",Knee Replacement,Dr. Arjun Dev,3.8,Top gynecologist
Aayush Hospitals,Guntur,"₹5,00,000",Child Vaccination,Dr. Anand Sharma,4,Top gynecologist
Omni Hospitals,Guntur,"₹2,00,000",Angioplasty,Dr. Kavitha Reddy,3.9,Cardiac specialist
Aayush Hospitals,Visakhapatnam,"₹2,00,000",Chemotherapy,Dr. Ramesh Kumar,4.9,ENT Specialist
Omni Hospitals,Visakhapatnam,"₹3,00,000",C-Section Delivery,Dr. Sneha Rao,3.7,Experienced general surgeon
Andhra Hospitals,Rajahmundry,"₹80,000",Skin Treatment,Dr. Priya Menon,4.5,Top gynecologist
Care Hospitals,Nellore,"₹5,00,000",Angioplasty,Dr. Arjun Dev,4.6,Pediatric specialist
Care Hospitals,Rajahmundry,"₹1,50,000",Knee Replacement,Dr. Sandeep Varma,4.6,Best neurologist
Rainbow Hospitals,Hyderabad,"₹5,00,000",C-Section Delivery,Dr. Meera Joshi,4.4,Expert in cardiology
Kamineni Hospitals,Visakhapatnam,"₹2,00,000",Knee Replacement,Dr. Arjun Dev,3.8,Renowned dermatologist
KIMS Hospitals,Nellore,"₹5,00,000",Ear Surgery,Dr. Anand Sharma,4,Renowned dermatologist
Apollo Hospitals,Tirupati,"₹1,00,000",Angioplasty,Dr. Arjun Dev,4,Pediatric specialist
Omni Hospitals,Kakinada,"₹50,000",Skin Treatment,Dr. Manish Rao,3.9,Oncology expert
Manipal Hospitals,Hyderabad,"₹50,000",Knee Replacement,Dr. Priya Menon,3.7,Best neurologist
Omni Hospitals,Vijayawada,"₹80,000",Heart Bypass Surgery,Dr. Arjun Dev,4.1,Best orthopedic surgeon
Omni Hospitals,Hyderabad,"₹80,000",Heart Bypass Surgery,Dr. Manish Rao,4.4,Experienced general surgeon
Apollo Hospitals,Nellore,"₹80,000",Knee Replacement,Dr. Sneha Rao,4.2,ENT Specialist
Rainbow Hospitals,Tirupati,"₹5,00,000",C-Section Delivery,Dr. Arjun Dev,4.6,Pediatric specialist
Kamineni Hospitals,Vijayawada,"₹3,00,000",Chemotherapy,Dr. Ramesh Kumar,3.7,Best neurologist
Manipal Hospitals,Tirupati,"₹1,50,000",Knee Replacement,Dr. Priya Menon,4.6,Pediatric specialist
Apollo Hospitals,Kakinada,"₹50,000",Heart Bypass Surgery,Dr. Neha Sharma,4.3,Best orthopedic surgeon
Omni Hospitals,Hyderabad,"₹3,00,000",Appendix Surgery,Dr. Meera Joshi,3.8,Expert in cardiology
Andhra Hospitals,Rajahmundry,"₹50,000",Skin Treatment,Dr. Meera Joshi,4.6,Best orthopedic surgeon
Care Hospitals,Nellore,"₹2,00,000",Knee Replacement,Dr. Manish Rao,4.5,Best orthopedic surgeon
Omni Hospitals,Hyderabad,"₹1,50,000",Appendix Surgery,Dr. Arjun Dev,4.9,Pediatric specialist
KIMS Hospitals,Nellore,"₹3,00,000",Chemotherapy,Dr. Meera Joshi,3.9,Experienced general surgeon
Omni Hospitals,Guntur,"₹80,000",Angioplasty,Dr. Sandeep Varma,3.7,Best neurologist
Omni Hospitals,Tirupati,"₹80,000",Child Vaccination,Dr. Ramesh Kumar,4,Top gynecologist
Apollo Hospitals,Guntur,"₹1,00,000",Child Vaccination,Dr. Priya Menon,4.2,Expert in cardiology
Kamineni Hospitals,Nellore,"₹1,50,000",Brain Surgery,Dr. Sneha Rao,5,Cardiac specialist
Care Hospitals,Nellore,"₹50,000",Brain Surgery,Dr. Anand Sharma,4.7,Renowned dermatologist
Rainbow Hospitals,Visakhapatnam,"₹1,00,000",Appendix Surgery,Dr. Anand Sharma,3.8,Top gynecologist
Rainbow Hospitals,Vijayawada,"₹1,50,000",Ear Surgery,Dr. Anand Sharma,3.7,Expert in cardiology
KIMS Hospitals,Visakhapatnam,"₹80,000",Child Vaccination,Dr. Anand Sharma,4.1,Renowned dermatologist
Sunshine Hospitals,Hyderabad,"₹1,00,000",Knee Replacement,Dr. Ramesh Kumar,4.7,Oncology expert
Manipal Hospitals,Nellore,"₹5,00,000",Angioplasty,Dr. Meera Joshi,4.7,Renowned dermatologist
Aayush Hospitals,Hyderabad,"₹5,00,000",Child Vaccination,Dr. Neha Sharma,4.5,Pediatric specialist
Kamineni Hospitals,Tirupati,"₹50,000",Child Vaccination,Dr. Anand Sharma,4.6,Pediatric specialist
Kamineni Hospitals,Rajahmundry,"₹80,000",C-Section Delivery,Dr. Neha Sharma,4.5,Experienced general surgeon
Rainbow Hospitals,Nellore,"₹1,00,000",Angioplasty,Dr. Neha Sharma,4.9,Top gynecologist
Apollo Hospitals,Visakhapatnam,"₹50,000",Brain Surgery,Dr. Anand Sharma,4.9,Renowned dermatologist
Apollo Hospitals,Vijayawada,"₹80,000",Appendix Surgery,Dr. Priya Menon,4.4,Cardiac specialist
Care Hospitals,Visakhapatnam,"₹2,00,000",Ear Surgery,Dr. Arjun Dev,4.9,Cardiac specialist
Care Hospitals,Rajahmundry,"₹1,50,000",Child Vaccination,Dr. Priya Menon,4.6,Expert in cardiology
Apollo Hospitals,Visakhapatnam,"₹1,50,000",Heart Bypass Surgery,Dr. Sneha Rao,4.3,Experienced general surgeon
Rainbow Hospitals,Hyderabad,"₹3,00,000",Angioplasty,Dr. Arjun Dev,3.6,Top gynecologist
KIMS Hospitals,Tirupati,"₹50,000",Chemotherapy,Dr. Kavitha Reddy,4.4,Cardiac specialist
Omni Hospitals,Kakinada,"₹80,000",Heart Bypass Surgery,Dr. Sandeep Varma,4.2,Top gynecologist
Apollo Hospitals,Visakhapatnam,"₹80,000",Child Vaccination,Dr. Kavitha Reddy,3.8,Oncology expert
Manipal Hospitals,Kakinada,"₹80,000",C-Section Delivery,Dr. Neha Sharma,3.8,Expert in cardiology
Sunshine Hospitals,Hyderabad,"₹3,00,000",Knee Replacement,Dr. Kavitha Reddy,4.6,Experienced general surgeon
Kamineni Hospitals,Rajahmundry,"₹1,00,000",C-Section Delivery,Dr. Neha Sharma,4.2,Oncology expert
Aayush Hospitals,Rajahmundry,"₹50,000",Appendix Surgery,Dr. Anand Sharma,4.6,Cardiac specialist
Rainbow Hospitals,Tirupati,"₹1,50,000",Knee Replacement,Dr. Priya Menon,4.6,Oncology expert
Care Hospitals,Kakinada,"₹50,000",Child Vaccination,Dr. Sandeep Varma,3.8,Best neurologist
Rainbow Hospitals,Nellore,"₹2,00,000",Heart Bypass Surgery,Dr. Ramesh Kumar,4.4,Experienced general surgeon
Rainbow Hospitals,Visakhapatnam,"₹3,00,000",Ear Surgery,Dr. Arjun Dev,4.1,Cardiac specialist
KIMS Hospitals,Vijayawada,"₹80,000",Ear Surgery,Dr. Manish Rao,4.7,Pediatric specialist
KIMS Hospitals,Hyderabad,"₹50,000",Chemotherapy,Dr. Meera Joshi,3.9,ENT Specialist
Aayush Hospitals,Rajahmundry,"₹2,00,000",Appendix Surgery,Dr. Anand Sharma,4.7,Top gynecologist
Kamineni Hospitals,Guntur,"₹5,00,000",Heart Bypass Surgery,Dr. Sneha Rao,3.7,ENT Specialist
Andhra Hospitals,Kakinada,"₹80,000",Skin Treatment,Dr. Priya Menon,4.9,Oncology expert
Care Hospitals,Rajahmundry,"₹80,000",Heart Bypass Surgery,Dr. Arjun Dev,5,Best orthopedic surgeon
Kamineni Hospitals,Nellore,"₹50,000",Heart Bypass Surgery,Dr. Priya Menon,3.9,Expert in cardiology
Kamineni Hospitals,Kakinada,"₹2,00,000",Angioplasty,Dr. Priya Menon,4.1,Best neurologist
Care Hospitals,Tirupati,"₹5,00,000",Skin Treatment,Dr. Manish Rao,4.9,Expert in cardiology
Rainbow Hospitals,Guntur,"₹1,00,000",Heart Bypass Surgery,Dr. Anand Sharma,4.2,Oncology expert
Rainbow Hospitals,Tirupati,"₹3,00,000",Child Vaccination,Dr. Anand Sharma,4.5,Experienced general surgeon
Sunshine Hospitals,Tirupati,"₹1,50,000",Angioplasty,Dr. Sneha Rao,4.6,Expert in cardiology
Andhra Hospitals,Rajahmundry,"₹2,00,000",Angioplasty,Dr. Arjun Dev,5,Experienced general surgeon
Apollo Hospitals,Hyderabad,"₹5,00,000",Brain Surgery,Dr. Anand Sharma,4.7,ENT Specialist
Aayush Hospitals,Guntur,"₹80,000",Brain Surgery,Dr. Neha Sharma,3.8,Expert in cardiology
Care Hospitals,Visakhapatnam,"₹80,000",Appendix Surgery,Dr. Anand Sharma,4.5,Expert in cardiology
Kamineni Hospitals,Visakhapatnam,"₹1,00,000",C-Section Delivery,Dr. Meera Joshi,3.6,Expert in cardiology
Apollo Hospitals,Guntur,"₹50,000",Angioplasty,Dr. Anand Sharma,4.7,Best orthopedic surgeon
Andhra Hospitals,Rajahmundry,"₹1,50,000",Chemotherapy,Dr. Priya Menon,4.5,Experienced general surgeon
Kamineni Hospitals,Kakinada,"₹3,00,000",C-Section Delivery,Dr. Anand Sharma,4.6,Pediatric specialist
Aayush Hospitals,Nellore,"₹80,000",Child Vaccination,Dr. Anand Sharma,4.4,Expert in cardiology
Care Hospitals,Visakhapatnam,"₹5,00,000",Child Vaccination,Dr. Ramesh Kumar,3.8,Cardiac specialist
Aayush Hospitals,Hyderabad,"₹50,000",Child Vaccination,Dr. Ramesh Kumar,3.9,Experienced general surgeon
Apollo Hospitals,Hyderabad,"₹3,00,000",Heart Bypass Surgery,Dr. Sandeep Varma,4.7,Pediatric specialist
Sunshine Hospitals,Tirupati,"₹2,00,000",Heart Bypass Surgery,Dr. Meera Joshi,5,Best orthopedic surgeon
Aayush Hospitals,Hyderabad,"₹1,00,000",Skin Treatment,Dr. Priya Menon,4.1,Best neurologist
Apollo Hospitals,Kakinada,"₹50,000",Angioplasty,Dr. Anand Sharma,4.1,Top gynecologist
Omni Hospitals,Rajahmundry,"₹2,00,000",Appendix Surgery,Dr. Meera Joshi,3.8,ENT Specialist
Andhra Hospitals,Vijayawada,"₹80,000",Angioplasty,Dr. Kavitha Reddy,4.5,Oncology expert
Kamineni Hospitals,Guntur,"₹1,00,000",Ear Surgery,Dr. Sandeep Varma,3.5,Best neurologist
Apollo Hospitals,Nellore,"₹5,00,000",Appendix Surgery,Dr. Kavitha Reddy,4.4,ENT Specialist
Aayush Hospitals,Nellore,"₹2,00,000",Chemotherapy,Dr. Neha Sharma,3.6,Oncology expert
Andhra Hospitals,Rajahmundry,"₹50,000",Knee Replacement,Dr. Arjun Dev,3.5,Best neurologist
KIMS Hospitals,Rajahmundry,"₹80,000",Skin Treatment,Dr. Sneha Rao,4.4,Cardiac specialist
Sunshine Hospitals,Tirupati,"₹5,00,000",Ear Surgery,Dr. Sneha Rao,4.2,Expert in cardiology
Apollo Hospitals,Rajahmundry,"₹3,00,000",Chemotherapy,Dr. Sneha Rao,4.2,Experienced general surgeon
Andhra Hospitals,Rajahmundry,"₹2,00,000",Appendix Surgery,Dr. Manish Rao,4,Cardiac specialist
Manipal Hospitals,Rajahmundry,"₹3,00,000",Knee Replacement,Dr. Sandeep Varma,3.6,Cardiac specialist
Kamineni Hospitals,Hyderabad,"₹80,000",Brain Surgery,Dr. Kavitha Reddy,3.9,Experienced general surgeon
Omni Hospitals,Guntur,"₹3,00,000",C-Section Delivery,Dr. Ramesh Kumar,4.5,Expert in cardiology
Aayush Hospitals,Nellore,"₹1,00,000",Angioplasty,Dr. Sneha Rao,4.6,ENT Specialist
Aayush Hospitals,Hyderabad,"₹5,00,000",Heart Bypass Surgery,Dr. Manish Rao,4,Experienced general surgeon
Aayush Hospitals,Hyderabad,"₹3,00,000",Ear Surgery,Dr. Anand Sharma,4,Top gynecologist
Aayush Hospitals,Rajahmundry,"₹80,000",Angioplasty,Dr. Arjun Dev,3.5,Expert in cardiology
KIMS Hospitals,Hyderabad,"₹2,00,000",Brain Surgery,Dr. Priya Menon,4.1,Expert in cardiology
Rainbow Hospitals,Vijayawada,"₹2,00,000",Knee Replacement,Dr. Kavitha Reddy,4.7,Renowned dermatologist
Manipal Hospitals,Guntur,"₹80,000",Brain Surgery,Dr. Kavitha Reddy,4,Top gynecologist
Kamineni Hospitals,Kakinada,"₹1,50,000",Ear Surgery,Dr. Sandeep Varma,4.2,Top gynecologist
Rainbow Hospitals,Rajahmundry,"₹50,000",Heart Bypass Surgery,Dr. Sneha Rao,4.6,Cardiac specialist
Rainbow Hospitals,Visakhapatnam,"₹5,00,000",Chemotherapy,Dr. Arjun Dev,4.6,ENT Specialist
Kamineni Hospitals,Guntur,"₹80,000",C-Section Delivery,Dr. Ramesh Kumar,3.8,Experienced general surgeon
Rainbow Hospitals,Guntur,"₹3,00,000",Child Vaccination,Dr. Kavitha Reddy,4.8,Renowned dermatologist
Omni Hospitals,Hyderabad,"₹5,00,000",Appendix Surgery,Dr. Neha Sharma,3.6,Experienced general surgeon
KIMS Hospitals,Guntur,"₹5,00,000",Ear Surgery,Dr. Neha Sharma,3.6,Best orthopedic surgeon
Rainbow Hospitals,Kakinada,"₹50,000",Knee Replacement,Dr. Arjun Dev,4.5,Top gynecologist
Rainbow Hospitals,Vijayawada,"₹1,50,000",Child Vaccination,Dr. Sandeep Varma,3.9,Expert in cardiology
Andhra Hospitals,Guntur,"₹5,00,000",Appendix Surgery,Dr. Kavitha Reddy,4.8,Best orthopedic surgeon
Care Hospitals,Tirupati,"₹1,50,000",Heart Bypass Surgery,Dr. Ramesh Kumar,3.7,ENT Specialist
Apollo Hospitals,Visakhapatnam,"₹80,000",Skin Treatment,Dr. Sandeep Varma,4.1,Top gynecologist
Care Hospitals,Nellore,"₹80,000",Heart Bypass Surgery,Dr. Meera Joshi,4.1,Top gynecologist
Omni Hospitals,Visakhapatnam,"₹3,00,000",Skin Treatment,Dr. Neha Sharma,4.1,Best orthopedic surgeon
Rainbow Hospitals,Rajahmundry,"₹3,00,000",C-Section Delivery,Dr. Sandeep Varma,4.2,Top gynecologist
Apollo Hospitals,Rajahmundry,"₹2,00,000",Ear Surgery,Dr. Meera Joshi,4.2,Expert in cardiology
Aayush Hospitals,Vijayawada,"₹2,00,000",Heart Bypass Surgery,Dr. Kavitha Reddy,4,Top gynecologist
Rainbow Hospitals,Hyderabad,"₹50,000",Knee Replacement,Dr. Arjun Dev,4.8,Pediatric specialist
Aayush Hospitals,Kakinada,"₹1,50,000",Chemotherapy,Dr. Sneha Rao,4.2,Best neurologist
Manipal Hospitals,Vijayawada,"₹50,000",Chemotherapy,Dr. Neha Sharma,4.7,Oncology expert
KIMS Hospitals,Rajahmundry,"₹50,000",Brain Surgery,Dr. Sandeep Varma,3.6,Best neurologist
KIMS Hospitals,Kakinada,"₹3,00,000",Child Vaccination,Dr. Manish Rao,3.5,Best orthopedic surgeon
Manipal Hospitals,Kakinada,"₹5,00,000",Heart Bypass Surgery,Dr. Manish Rao,4.2,Expert in cardiology
Manipal Hospitals,Guntur,"₹50,000",C-Section Delivery,Dr. Meera Joshi,4.1,Pediatric specialist
Rainbow Hospitals,Kakinada,"₹50,000",Ear Surgery,Dr. Sneha Rao,4.4,Cardiac specialist
Andhra Hospitals,Hyderabad,"₹1,50,000",Chemotherapy,Dr. Meera Joshi,4.8,Best neurologist
Care Hospitals,Hyderabad,"₹1,50,000",Angioplasty,Dr. Arjun Dev,4.4,Oncology expert
Manipal Hospitals,Kakinada,"₹5,00,000",Ear Surgery,Dr. Sneha Rao,4.1,Top gynecologist
Kamineni Hospitals,Tirupati,"₹50,000",Brain Surgery,Dr. Neha Sharma,3.7,Best orthopedic surgeon
Manipal Hospitals,Guntur,"₹3,00,000",Brain Surgery,Dr. Kavitha Reddy,4.7,Top gynecologist
Care Hospitals,Visakhapatnam,"₹50,000",Child Vaccination,Dr. Manish Rao,4.3,Experienced general surgeon
Kamineni Hospitals,Nellore,"₹1,00,000",Child Vaccination,Dr. Anand Sharma,4.5,Oncology expert
Andhra Hospitals,Kakinada,"₹1,50,000",Chemotherapy,Dr. Neha Sharma,3.8,ENT Specialist
Sunshine Hospitals,Guntur,"₹80,000",C-Section Delivery,Dr. Neha Sharma,4.6,Best orthopedic surgeon
Omni Hospitals,Vijayawada,"₹5,00,000",Child Vaccination,Dr. Sandeep Varma,4.3,Expert in cardiology
Omni Hospitals,Visakhapatnam,"₹5,00,000",C-Section Delivery,Dr. Manish Rao,4,Top gynecologist
Sunshine Hospitals,Tirupati,"₹5,00,000",Chemotherapy,Dr. Manish Rao,4.9,Best orthopedic surgeon
Care Hospitals,Kakinada,"₹2,00,000",Knee Replacement,Dr. Anand Sharma,3.6,Best orthopedic surgeon
KIMS Hospitals,Rajahmundry,"₹50,000",Chemotherapy,Dr. Priya Menon,4.7,Best neurologist
Aayush Hospitals,Rajahmundry,"₹50,000",Chemotherapy,Dr. Kavitha Reddy,4.5,Top gynecologist
Omni Hospitals,Tirupati,"₹50,000",C-Section Delivery,Dr. Arjun Dev,4.5,ENT Specialist
Andhra Hospitals,Rajahmundry,"₹3,00,000",C-Section Delivery,Dr. Neha Sharma,4.3,Expert in cardiology
Apollo Hospitals,Guntur,"₹2,00,000",Skin Treatment,Dr. Neha Sharma,4.3,ENT Specialist
Omni Hospitals,Visakhapatnam,"₹5,00,000",Chemotherapy,Dr. Priya Menon,4.1,Pediatric specialist
KIMS Hospitals,Tirupati,"₹1,50,000",Ear Surgery,Dr. Sneha Rao,4.7,Expert in cardiology
Omni Hospitals,Rajahmundry,"₹3,00,000",Appendix Surgery,Dr. Anand Sharma,4.4,Top gynecologist
Sunshine Hospitals,Hyderabad,"₹3,00,000",Brain Surgery,Dr. Anand Sharma,4.4,Best neurologist
Sunshine Hospitals,Visakhapatnam,"₹2,00,000",Heart Bypass Surgery,Dr. Arjun Dev,4.8,Best orthopedic surgeon
Sunshine Hospitals,Vijayawada,"₹1,50,000",Appendix Surgery,Dr. Sandeep Varma,3.6,ENT Specialist
KIMS Hospitals,Vijayawada,"₹5,00,000",Chemotherapy,Dr. Ramesh Kumar,4.7,ENT Specialist
Andhra Hospitals,Guntur,"₹1,50,000",Chemotherapy,Dr. Ramesh Kumar,3.7,Experienced general surgeon
Aayush Hospitals,Vijayawada,"₹1,50,000",Appendix Surgery,Dr. Neha Sharma,4,Oncology expert
KIMS Hospitals,Visakhapatnam,"₹2,00,000",Angioplasty,Dr. Kavitha Reddy,4.7,ENT Specialist
Manipal Hospitals,Rajahmundry,"₹50,000",C-Section Delivery,Dr. Kavitha Reddy,3.7,Oncology expert
Manipal Hospitals,Rajahmundry,"₹3,00,000",Angioplasty,Dr. Neha Sharma,4.3,ENT Specialist
Rainbow Hospitals,Visakhapatnam,"₹50,000",C-Section Delivery,Dr. Sandeep Varma,3.7,Best neurologist
KIMS Hospitals,Tirupati,"₹1,50,000",Child Vaccination,Dr. Arjun Dev,4.1,Oncology expert
Manipal Hospitals,Guntur,"₹1,50,000",C-Section Delivery,Dr. Neha Sharma,4.6,Renowned dermatologist
Apollo Hospitals,Rajahmundry,"₹3,00,000",Skin Treatment,Dr. Sandeep Varma,3.5,Best neurologist
KIMS Hospitals,Rajahmundry,"₹3,00,000",Brain Surgery,Dr. Meera Joshi,4.7,Oncology expert
Apollo Hospitals,Hyderabad,"₹5,00,000",Brain Surgery,Dr. Sneha Rao,3.5,Best neurologist
Sunshine Hospitals,Visakhapatnam,"₹2,00,000",Appendix Surgery,Dr. Manish Rao,4.5,Expert in cardiology
Aayush Hospitals,Guntur,"₹5,00,000",Chemotherapy,Dr. Neha Sharma,3.9,Top gynecologist
Andhra Hospitals,Rajahmundry,"₹50,000",Chemotherapy,Dr. Meera Joshi,4.4,Oncology expert
Kamineni Hospitals,Kakinada,"₹1,50,000",Child Vaccination,Dr. Neha Sharma,3.9,Pediatric specialist
Aayush Hospitals,Tirupati,"₹50,000",C-Section Delivery,Dr. Arjun Dev,4.1,Oncology expert
Rainbow Hospitals,Kakinada,"₹2,00,000",Appendix Surgery,Dr. Priya Menon,3.9,Experienced general surgeon
Apollo Hospitals,Tirupati,"₹5,00,000",Brain Surgery,Dr. Neha Sharma,4.4,Pediatric specialist
Omni Hospitals,Hyderabad,"₹50,000",Skin Treatment,Dr. Neha Sharma,4.7,Experienced general surgeon
Care Hospitals,Rajahmundry,"₹5,00,000",Appendix Surgery,Dr. Anand Sharma,3.9,Cardiac specialist
Rainbow Hospitals,Nellore,"₹1,00,000",Skin Treatment,Dr. Manish Rao,3.8,Top gynecologist
KIMS Hospitals,Guntur,"₹2,00,000",Skin Treatment,Dr. Arjun Dev,3.9,Pediatric specialist
Care Hospitals,Tirupati,"₹80,000",Appendix Surgery,Dr. Manish Rao,4.6,Pediatric specialist
Omni Hospitals,Hyderabad,"₹50,000",Skin Treatment,Dr. Ramesh Kumar,4.3,Expert in cardiology
Andhra Hospitals,Hyderabad,"₹1,50,000",Appendix Surgery,Dr. Kavitha Reddy,3.5,Experienced general surgeon
Rainbow Hospitals,Vijayawada,"₹5,00,000",Chemotherapy,Dr. Manish Rao,3.9,Pediatric specialist
Andhra Hospitals,Tirupati,"₹1,00,000",Heart Bypass Surgery,Dr. Priya Menon,3.5,Top gynecologist
Kamineni Hospitals,Vijayawada,"₹1,00,000",C-Section Delivery,Dr. Anand Sharma,3.5,ENT Specialist
Omni Hospitals,Vijayawada,"₹3,00,000",Brain Surgery,Dr. Ramesh Kumar,4.2,Top gynecologist
Apollo Hospitals,Kakinada,"₹5,00,000",Heart Bypass Surgery,Dr. Kavitha Reddy,4.4,Top gynecologist
Aayush Hospitals,Visakhapatnam,"₹1,50,000",C-Section Delivery,Dr. Ramesh Kumar,3.6,Experienced general surgeon
Apollo Hospitals,Guntur,"₹80,000",Child Vaccination,Dr. Anand Sharma,4.4,ENT Specialist
Aayush Hospitals,Guntur,"₹2,00,000",Skin Treatment,Dr. Anand Sharma,4.3,Experienced general surgeon
Omni Hospitals,Rajahmundry,"₹2,00,000",Chemotherapy,Dr. Meera Joshi,4.1,Experienced general surgeon
Manipal Hospitals,Nellore,"₹1,00,000",Appendix Surgery,Dr. Neha Sharma,4.5,Top gynecologist
KIMS Hospitals,Guntur,"₹3,00,000",Brain Surgery,Dr. Sandeep Varma,4.9,Cardiac specialist
KIMS Hospitals,Rajahmundry,"₹1,00,000",C-Section Delivery,Dr. Kavitha Reddy,4.5,Best orthopedic surgeon
Manipal Hospitals,Guntur,"₹1,00,000",Knee Replacement,Dr. Arjun Dev,4.3,Best orthopedic surgeon
Rainbow Hospitals,Kakinada,"₹5,00,000",Heart Bypass Surgery,Dr. Anand Sharma,4.1,Best orthopedic surgeon
Omni Hospitals,Kakinada,"₹1,00,000",C-Section Delivery,Dr. Manish Rao,3.6,ENT Specialist
Care Hospitals,Vijayawada,"₹5,00,000",Brain Surgery,Dr. Manish Rao,4.9,Cardiac specialist
Andhra Hospitals,Tirupati,"₹3,00,000",Ear Surgery,Dr. Priya Menon,4.8,Oncology expert
KIMS Hospitals,Nellore,"₹50,000",Knee Replacement,Dr. Meera Joshi,3.9,Renowned dermatologist
Rainbow Hospitals,Vijayawada,"₹2,00,000",Child Vaccination,Dr. Manish Rao,4.1,Best orthopedic surgeon
Aayush Hospitals,Hyderabad,"₹3,00,000",Appendix Surgery,Dr. Kavitha Reddy,3.5,Experienced general surgeon
Rainbow Hospitals,Visakhapatnam,"₹3,00,000",Angioplasty,Dr. Anand Sharma,3.9,Experienced general surgeon
Manipal Hospitals,Hyderabad,"₹2,00,000",Brain Surgery,Dr. Meera Joshi,4.7,ENT Specialist
Omni Hospitals,Guntur,"₹5,00,000",Brain Surgery,Dr. Manish Rao,4.3,Top gynecologist
Apollo Hospitals,Tirupati,"₹2,00,000",Brain Surgery,Dr. Ramesh Kumar,4.9,Expert in cardiology
Aayush Hospitals,Tirupati,"₹5,00,000",C-Section Delivery,Dr. Kavitha Reddy,4.5,Cardiac specialist
Andhra Hospitals,Guntur,"₹1,00,000",Chemotherapy,Dr. Ramesh Kumar,4.8,Cardiac specialist
Sunshine Hospitals,Guntur,"₹3,00,000",Skin Treatment,Dr. Manish Rao,3.8,Expert in cardiology
Omni Hospitals,Kakinada,"₹80,000",Heart Bypass Surgery,Dr. Arjun Dev,4.3,Expert in cardiology
Omni Hospitals,Hyderabad,"₹3,00,000",Chemotherapy,Dr. Sneha Rao,4,Renowned dermatologist
Kamineni Hospitals,Kakinada,"₹5,00,000",Child Vaccination,Dr. Ramesh Kumar,4.6,Experienced general surgeon
Manipal Hospitals,Visakhapatnam,"₹80,000",Appendix Surgery,Dr. Meera Joshi,4.2,Expert in cardiology
Kamineni Hospitals,Hyderabad,"₹5,00,000",Skin Treatment,Dr. Manish Rao,3.9,Top gynecologist
Kamineni Hospitals,Rajahmundry,"₹50,000",Appendix Surgery,Dr. Sandeep Varma,4.4,Pediatric specialist
Omni Hospitals,Nellore,"₹1,50,000",Heart Bypass Surgery,Dr. Ramesh Kumar,4.9,Experienced general surgeon
Kamineni Hospitals,Guntur,"₹2,00,000",C-Section Delivery,Dr. Priya Menon,3.5,Experienced general surgeon
Care Hospitals,Hyderabad,"₹2,00,000",Brain Surgery,Dr. Manish Rao,4.4,Best neurologist
Kamineni Hospitals,Hyderabad,"₹2,00,000",Knee Replacement,Dr. Manish Rao,4.4,Best neurologist
Care Hospitals,Visakhapatnam,"₹50,000",Chemotherapy,Dr. Arjun Dev,3.8,Best neurologist
Rainbow Hospitals,Guntur,"₹1,50,000",Appendix Surgery,Dr. Manish Rao,4.6,Pediatric specialist
Apollo Hospitals,Nellore,"₹5,00,000",Angioplasty,Dr. Arjun Dev,4.3,Pediatric specialist
Apollo Hospitals,Hyderabad,"₹2,00,000",Heart Bypass Surgery,Dr. Sandeep Varma,4.8,Pediatric specialist
Omni Hospitals,Tirupati,"₹1,00,000",Brain Surgery,Dr. Anand Sharma,5,Top gynecologist
Care Hospitals,Hyderabad,"₹2,00,000",Knee Replacement,Dr. Sneha Rao,3.5,Top gynecologist
Omni Hospitals,Hyderabad,"₹1,00,000",Child Vaccination,Dr. Arjun Dev,4.7,ENT Specialist
KIMS Hospitals,Guntur,"₹80,000",C-Section Delivery,Dr. Meera Joshi,3.7,Pediatric specialist
Andhra Hospitals,Visakhapatnam,"₹2,00,000",Brain Surgery,Dr. Ramesh Kumar,4,Top gynecologist
Rainbow Hospitals,Visakhapatnam,"₹5,00,000",Child Vaccination,Dr. Anand Sharma,4.4,Best neurologist
Andhra Hospitals,Rajahmundry,"₹80,000",Chemotherapy,Dr. Manish Rao,4.3,Oncology expert
KIMS Hospitals,Guntur,"₹1,00,000",Angioplasty,Dr. Manish Rao,4.8,Best orthopedic surgeon
Aayush Hospitals,Nellore,"₹50,000",Chemotherapy,Dr. Sandeep Varma,4.2,ENT Specialist
KIMS Hospitals,Visakhapatnam,"₹50,000",Brain Surgery,Dr. Neha Sharma,3.6,ENT Specialist
Care Hospitals,Tirupati,"₹1,00,000",Chemotherapy,Dr. Anand Sharma,4.4,Renowned dermatologist
KIMS Hospitals,Rajahmundry,"₹1,50,000",C-Section Delivery,Dr. Anand Sharma,4.6,Best neurologist
Apollo Hospitals,Vijayawada,"₹50,000",C-Section Delivery,Dr. Sneha Rao,3.7,Cardiac specialist
Omni Hospitals,Nellore,"₹3,00,000",Heart Bypass Surgery,Dr. Meera Joshi,4.3,Expert in cardiology
Andhra Hospitals,Guntur,"₹2,00,000",Chemotherapy,Dr. Arjun Dev,4.5,Expert in cardiology
Sunshine Hospitals,Vijayawada,"₹5,00,000",Chemotherapy,Dr. Sneha Rao,3.5,Best orthopedic surgeon
Manipal Hospitals,Rajahmundry,"₹50,000",Heart Bypass Surgery,Dr. Sneha Rao,4.1,Renowned dermatologist
Kamineni Hospitals,Nellore,"₹50,000",Brain Surgery,Dr. Anand Sharma,4.9,Best orthopedic surgeon
Care Hospitals,Hyderabad,"₹1,50,000",Child Vaccination,Dr. Neha Sharma,4,Best orthopedic surgeon
Apollo Hospitals,Rajahmundry,"₹3,00,000",Brain Surgery,Dr. Sneha Rao,4.3,Expert in cardiology
Care Hospitals,Hyderabad,"₹1,00,000",Heart Bypass Surgery,Dr. Priya Menon,3.6,ENT Specialist
Rainbow Hospitals,Visakhapatnam,"₹50,000",Chemotherapy,Dr. Ramesh Kumar,3.7,ENT Specialist
Sunshine Hospitals,Hyderabad,"₹50,000",Heart Bypass Surgery,Dr. Manish Rao,4.5,Cardiac specialist
Sunshine Hospitals,Tirupati,"₹1,00,000",Chemotherapy,Dr. Meera Joshi,3.5,Experienced general surgeon
Manipal Hospitals,Vijayawada,"₹3,00,000",Ear Surgery,Dr. Priya Menon,3.8,Cardiac specialist
KIMS Hospitals,Hyderabad,"₹80,000",Child Vaccination,Dr. Arjun Dev,3.9,Expert in cardiology
Apollo Hospitals,Tirupati,"₹3,00,000",Child Vaccination,Dr. Meera Joshi,4.5,Top gynecologist
Kamineni Hospitals,Hyderabad,"₹80,000",Angioplasty,Dr. Meera Joshi,4.4,Top gynecologist
Manipal Hospitals,Hyderabad,"₹1,50,000",Ear Surgery,Dr. Anand Sharma,4.5,ENT Specialist
Manipal Hospitals,Kakinada,"₹50,000",Ear Surgery,Dr. Meera Joshi,4.7,ENT Specialist
Manipal Hospitals,Rajahmundry,"₹2,00,000",Heart Bypass Surgery,Dr. Kavitha Reddy,4.7,Best orthopedic surgeon
Sunshine Hospitals,Nellore,"₹2,00,000",Child Vaccination,Dr. Neha Sharma,4.9,Experienced general surgeon
Andhra Hospitals,Tirupati,"₹1,50,000",Ear Surgery,Dr. Sneha Rao,3.6,Cardiac specialist
Care Hospitals,Nellore,"₹5,00,000",Angioplasty,Dr. Sandeep Varma,3.7,Oncology expert
Omni Hospitals,Rajahmundry,"₹2,00,000",Skin Treatment,Dr. Sneha Rao,4.7,Top gynecologist
Andhra Hospitals,Rajahmundry,"₹2,00,000",Child Vaccination,Dr. Manish Rao,3.5,Renowned dermatologist
Rainbow Hospitals,Kakinada,"₹5,00,000",Ear Surgery,Dr. Kavitha Reddy,4.9,Best neurologist
Rainbow Hospitals,Kakinada,"₹2,00,000",Child Vaccination,Dr. Kavitha Reddy,4.2,Cardiac specialist
Care Hospitals,Guntur,"₹2,00,000",Appendix Surgery,Dr. Sandeep Varma,3.9,Best neurologist
Apollo Hospitals,Visakhapatnam,"₹50,000",Appendix Surgery,Dr. Ramesh Kumar,4.5,Expert in cardiology
Rainbow Hospitals,Rajahmundry,"₹5,00,000",Ear Surgery,Dr. Kavitha Reddy,5,Expert in cardiology
Care Hospitals,Rajahmundry,"₹1,00,000",Angioplasty,Dr. Kavitha Reddy,4.3,Cardiac specialist
Sunshine Hospitals,Visakhapatnam,"₹1,00,000",Ear Surgery,Dr. Sandeep Varma,4.8,Renowned dermatologist
Care Hospitals,Tirupati,"₹50,000",Knee Replacement,Dr. Ramesh Kumar,4.6,ENT Specialist
Aayush Hospitals,Hyderabad,"₹5,00,000",Heart Bypass Surgery,Dr. Manish Rao,3.5,ENT Specialist
Care Hospitals,Vijayawada,"₹3,00,000",Child Vaccination,Dr. Anand Sharma,4.1,Expert in cardiology
Andhra Hospitals,Nellore,"₹50,000",Chemotherapy,Dr. Meera Joshi,4.3,Cardiac specialist
Apollo Hospitals,Vijayawada,"₹80,000",Ear Surgery,Dr. Sandeep Varma,5,Cardiac specialist
Manipal Hospitals,Hyderabad,"₹1,00,000",C-Section Delivery,Dr. Ramesh Kumar,3.7,Pediatric specialist
Rainbow Hospitals,Nellore,"₹1,00,000",Child Vaccination,Dr. Ramesh Kumar,4.9,Cardiac specialist
Care Hospitals,Kakinada,"₹2,00,000",Knee Replacement,Dr. Sandeep Varma,4.3,Expert in cardiology
Care Hospitals,Tirupati,"₹3,00,000",Chemotherapy,Dr. Kavitha Reddy,5,Experienced general surgeon
Manipal Hospitals,Nellore,"₹1,50,000",Ear Surgery,Dr. Sneha Rao,4.8,Top gynecologist
Sunshine Hospitals,Visakhapatnam,"₹2,00,000",Child Vaccination,Dr. Manish Rao,3.8,Renowned dermatologist
Omni Hospitals,Rajahmundry,"₹1,00,000",C-Section Delivery,Dr. Neha Sharma,4,Expert in cardiology
Aayush Hospitals,Kakinada,"₹80,000",Child Vaccination,Dr. Kavitha Reddy,4.6,Renowned dermatologist
Aayush Hospitals,Kakinada,"₹3,00,000",Knee Replacement,Dr. Arjun Dev,4,Pediatric specialist
Sunshine Hospitals,Kakinada,"₹3,00,000",Heart Bypass Surgery,Dr. Anand Sharma,4.5,Oncology expert
Omni Hospitals,Guntur,"₹1,50,000",C-Section Delivery,Dr. Sandeep Varma,4.2,Cardiac specialist
Care Hospitals,Tirupati,"₹3,00,000",Child Vaccination,Dr. Kavitha Reddy,4.6,Expert in cardiology
Sunshine Hospitals,Nellore,"₹80,000",Appendix Surgery,Dr. Priya Menon,4.4,Experienced general surgeon
Manipal Hospitals,Visakhapatnam,"₹80,000",Ear Surgery,Dr. Sneha Rao,4.3,Cardiac specialist
Andhra Hospitals,Kakinada,"₹5,00,000",Angioplasty,Dr. Arjun Dev,4.5,Oncology expert
Manipal Hospitals,Hyderabad,"₹50,000",Skin Treatment,Dr. Manish Rao,3.6,Renowned dermatologist
Manipal Hospitals,Nellore,"₹80,000",Angioplasty,Dr. Arjun Dev,4.4,Pediatric specialist
Care Hospitals,Tirupati,"₹5,00,000",Chemotherapy,Dr. Manish Rao,4.5,Best neurologist
Sunshine Hospitals,Hyderabad,"₹50,000",Appendix Surgery,Dr. Priya Menon,4.6,Experienced general surgeon
Sunshine Hospitals,Hyderabad,"₹80,000",Chemotherapy,Dr. Manish Rao,4.1,ENT Specialist
Omni Hospitals,Tirupati,"₹1,00,000",Knee Replacement,Dr. Anand Sharma,4.5,Expert in cardiology
Andhra Hospitals,Kakinada,"₹5,00,000",Angioplasty,Dr. Anand Sharma,4.7,Best orthopedic surgeon
Omni Hospitals,Guntur,"₹1,00,000",Heart Bypass Surgery,Dr. Ramesh Kumar,3.9,Best orthopedic surgeon
Care Hospitals,Kakinada,"₹3,00,000",Chemotherapy,Dr. Ramesh Kumar,3.6,Experienced general surgeon
Omni Hospitals,Visakhapatnam,"₹3,00,000",C-Section Delivery,Dr. Ramesh Kumar,3.5,Best neurologist
Andhra Hospitals,Nellore,"₹80,000",Appendix Surgery,Dr. Manish Rao,4,Oncology expert
Omni Hospitals,Nellore,"₹80,000",C-Section Delivery,Dr. Sandeep Varma,3.7,Oncology expert
Omni Hospitals,Rajahmundry,"₹80,000",Skin Treatment,Dr. Priya Menon,3.6,Best neurologist
Kamineni Hospitals,Visakhapatnam,"₹2,00,000",Chemotherapy,Dr. Priya Menon,4.9,Best neurologist
Andhra Hospitals,Hyderabad,"₹2,00,000",Knee Replacement,Dr. Manish Rao,4.9,Cardiac specialist
Manipal Hospitals,Tirupati,"₹5,00,000",Appendix Surgery,Dr. Neha Sharma,3.7,Oncology expert
Aayush Hospitals,Vijayawada,"₹3,00,000",Ear Surgery,Dr. Arjun Dev,4.6,Pediatric specialist
Omni Hospitals,Tirupati,"₹50,000",Knee Replacement,Dr. Meera Joshi,5,Oncology expert
Apollo Hospitals,Nellore,"₹1,50,000",Heart Bypass Surgery,Dr. Manish Rao,3.8,ENT Specialist
Andhra Hospitals,Vijayawada,"₹5,00,000",C-Section Delivery,Dr. Priya Menon,4.8,Pediatric specialist
Rainbow Hospitals,Nellore,"₹3,00,000",Brain Surgery,Dr. Sandeep Varma,4,Best orthopedic surgeon
Care Hospitals,Tirupati,"₹5,00,000",Child Vaccination,Dr. Manish Rao,4.4,Renowned dermatologist
Care Hospitals,Vijayawada,"₹5,00,000",Heart Bypass Surgery,Dr. Meera Joshi,3.5,ENT Specialist
Omni Hospitals,Guntur,"₹5,00,000",Skin Treatment,Dr. Manish Rao,4.6,Expert in cardiology
Rainbow Hospitals,Tirupati,"₹1,50,000",Skin Treatment,Dr. Kavitha Reddy,4.3,Expert in cardiology
Andhra Hospitals,Nellore,"₹1,50,000",Ear Surgery,Dr. Kavitha Reddy,4.9,Best neurologist
Aayush Hospitals,Guntur,"₹50,000",Brain Surgery,Dr. Sandeep Varma,5,Pediatric specialist
Andhra Hospitals,Rajahmundry,"₹5,00,000",Angioplasty,Dr. Priya Menon,4.5,Best neurologist
Apollo Hospitals,Rajahmundry,"₹2,00,000",Angioplasty,Dr. Kavitha Reddy,4.7,ENT Specialist
Rainbow Hospitals,Rajahmundry,"₹1,50,000",Ear Surgery,Dr. Anand Sharma,3.8,Renowned dermatologist
Omni Hospitals,Nellore,"₹5,00,000",Heart Bypass Surgery,Dr. Priya Menon,4.3,Top gynecologist
Andhra Hospitals,Rajahmundry,"₹50,000",Skin Treatment,Dr. Priya Menon,4.6,Best neurologist
KIMS Hospitals,Hyderabad,"₹80,000",Skin Treatment,Dr. Priya Menon,4.1,Cardiac specialist
Manipal Hospitals,Tirupati,"₹50,000",Angioplasty,Dr. Kavitha Reddy,4.5,Expert in cardiology
Apollo Hospitals,Hyderabad,"₹50,000",Heart Bypass Surgery,Dr. Sandeep Varma,4.9,Pediatric specialist
Kamineni Hospitals,Vijayawada,"₹80,000",Appendix Surgery,Dr. Kavitha Reddy,4.3,Experienced general surgeon
Andhra Hospitals,Tirupati,"₹2,00,000",Heart Bypass Surgery,Dr. Manish Rao,3.9,ENT Specialist
Andhra Hospitals,Tirupati,"₹1,50,000",Heart Bypass Surgery,Dr. Anand Sharma,5,Cardiac specialist
KIMS Hospitals,Visakhapatnam,"₹5,00,000",Ear Surgery,Dr. Neha Sharma,4.3,Expert in cardiology
Aayush Hospitals,Vijayawada,"₹80,000",C-Section Delivery,Dr. Ramesh Kumar,3.7,Pediatric specialist
Apollo Hospitals,Hyderabad,"₹3,00,000",Heart Bypass Surgery,Dr. Sneha Rao,4.9,Cardiac specialist
Omni Hospitals,Visakhapatnam,"₹80,000",Ear Surgery,Dr. Arjun Dev,4.2,Cardiac specialist
Manipal Hospitals,Hyderabad,"₹1,00,000",Chemotherapy,Dr. Manish Rao,3.6,Expert in cardiology
Care Hospitals,Hyderabad,"₹50,000",Skin Treatment,Dr. Sneha Rao,4.8,Best orthopedic surgeon
KIMS Hospitals,Visakhapatnam,"₹3,00,000",C-Section Delivery,Dr. Sneha Rao,3.7,Best orthopedic surgeon
Omni Hospitals,Nellore,"₹2,00,000",Brain Surgery,Dr. Ramesh Kumar,4.3,Best orthopedic surgeon
Care Hospitals,Visakhapatnam,"₹3,00,000",Ear Surgery,Dr. Sneha Rao,4.3,Best neurologist
Kamineni Hospitals,Hyderabad,"₹5,00,000",Knee Replacement,Dr. Priya Menon,4.7,Cardiac specialist
Sunshine Hospitals,Rajahmundry,"₹3,00,000",Heart Bypass Surgery,Dr. Sneha Rao,4.4,Experienced general surgeon
Manipal Hospitals,Vijayawada,"₹80,000",C-Section Delivery,Dr. Anand Sharma,4.6,Top gynecologist
Aayush Hospitals,Vijayawada,"₹5,00,000",Heart Bypass Surgery,Dr. Priya Menon,3.8,Expert in cardiology
Rainbow Hospitals,Guntur,"₹3,00,000",Knee Replacement,Dr. Sandeep Varma,4.2,Top gynecologist
Care Hospitals,Visakhapatnam,"₹1,50,000",Chemotherapy,Dr. Meera Joshi,4.5,Best neurologist
Apollo Hospitals,Nellore,"₹1,00,000",Brain Surgery,Dr. Manish Rao,3.8,Pediatric specialist
Omni Hospitals,Kakinada,"₹1,50,000",Heart Bypass Surgery,Dr. Meera Joshi,3.7,Experienced general surgeon
Aayush Hospitals,Visakhapatnam,"₹3,00,000",Skin Treatment,Dr. Arjun Dev,3.8,Expert in cardiology
Andhra Hospitals,Hyderabad,"₹1,00,000",Heart Bypass Surgery,Dr. Neha Sharma,4.7,Experienced general surgeon
Care Hospitals,Kakinada,"₹2,00,000",Heart Bypass Surgery,Dr. Sneha Rao,4.9,Best orthopedic surgeon
Aayush Hospitals,Guntur,"₹1,50,000",Ear Surgery,Dr. Ramesh Kumar,4,Best neurologist
Omni Hospitals,Kakinada,"₹1,00,000",Knee Replacement,Dr. Kavitha Reddy,4.5,Expert in cardiology
Kamineni Hospitals,Tirupati,"₹1,50,000",Chemotherapy,Dr. Anand Sharma,4.4,ENT Specialist
Kamineni Hospitals,Hyderabad,"₹80,000",Skin Treatment,Dr. Sneha Rao,4.4,Cardiac specialist
Apollo Hospitals,Rajahmundry,"₹1,50,000",Angioplasty,Dr. Meera Joshi,4.8,Best neurologist
Andhra Hospitals,Guntur,"₹80,000",Heart Bypass Surgery,Dr. Sneha Rao,3.9,Renowned dermatologist
Rainbow Hospitals,Tirupati,"₹2,00,000",Child Vaccination,Dr. Anand Sharma,4.6,Expert in cardiology
Rainbow Hospitals,Vijayawada,"₹1,50,000",Ear Surgery,Dr. Meera Joshi,4.2,Pediatric specialist
Apollo Hospitals,Tirupati,"₹50,000",Brain Surgery,Dr. Ramesh Kumar,4.6,ENT Specialist
Omni Hospitals,Visakhapatnam,"₹50,000",Child Vaccination,Dr. Meera Joshi,3.5,Best orthopedic surgeon
Manipal Hospitals,Guntur,"₹1,00,000",Child Vaccination,Dr. Priya Menon,4.4,Oncology expert
Aayush Hospitals,Visakhapatnam,"₹1,00,000",Angioplasty,Dr. Sneha Rao,4.2,Best orthopedic surgeon
Kamineni Hospitals,Guntur,"₹50,000",Child Vaccination,Dr. Arjun Dev,5,Top gynecologist
KIMS Hospitals,Nellore,"₹1,50,000",Appendix Surgery,Dr. Arjun Dev,4.1,Best orthopedic surgeon
Sunshine Hospitals,Hyderabad,"₹3,00,000",Knee Replacement,Dr. Neha Sharma,4.6,Expert in cardiology
Aayush Hospitals,Nellore,"₹80,000",C-Section Delivery,Dr. Manish Rao,3.6,Cardiac specialist
KIMS Hospitals,Guntur,"₹3,00,000",Knee Replacement,Dr. Manish Rao,3.5,Best neurologist
Manipal Hospitals,Rajahmundry,"₹80,000",Brain Surgery,Dr. Neha Sharma,3.8,Oncology expert
KIMS Hospitals,Hyderabad,"₹1,00,000",Chemotherapy,Dr. Kavitha Reddy,4.4,Renowned dermatologist
Rainbow Hospitals,Rajahmundry,"₹5,00,000",Knee Replacement,Dr. Neha Sharma,4.2,Expert in cardiology
Sunshine Hospitals,Vijayawada,"₹80,000",Chemotherapy,Dr. Sandeep Varma,4.4,ENT Specialist
Omni Hospitals,Vijayawada,"₹3,00,000",Brain Surgery,Dr. Arjun Dev,4.9,ENT Specialist
Manipal Hospitals,Tirupati,"₹1,00,000",Angioplasty,Dr. Manish Rao,4.3,Expert in cardiology
Kamineni Hospitals,Guntur,"₹5,00,000",Angioplasty,Dr. Priya Menon,4.6,Oncology expert
Kamineni Hospitals,Rajahmundry,"₹2,00,000",Appendix Surgery,Dr. Priya Menon,4.9,Experienced general surgeon
Andhra Hospitals,Guntur,"₹3,00,000",Child Vaccination,Dr. Kavitha Reddy,4.3,Best neurologist
Apollo Hospitals,Vijayawada,"₹1,50,000",C-Section Delivery,Dr. Arjun Dev,3.9,Experienced general surgeon
Manipal Hospitals,Guntur,"₹80,000",Brain Surgery,Dr. Manish Rao,4.6,Cardiac specialist
Omni Hospitals,Kakinada,"₹2,00,000",Child Vaccination,Dr. Sandeep Varma,3.9,Expert in cardiology
Care Hospitals,Vijayawada,"₹80,000",Child Vaccination,Dr. Anand Sharma,3.7,Experienced general surgeon
Rainbow Hospitals,Tirupati,"₹50,000",Knee Replacement,Dr. Sneha Rao,4.9,Oncology expert
Kamineni Hospitals,Tirupati,"₹2,00,000",Angioplasty,Dr. Anand Sharma,4.3,Oncology expert
Andhra Hospitals,Kakinada,"₹80,000",Angioplasty,Dr. Meera Joshi,4.5,Pediatric specialist
Omni Hospitals,Nellore,"₹1,50,000",Brain Surgery,Dr. Meera Joshi,4.5,ENT Specialist
Aayush Hospitals,Nellore,"₹1,50,000",Appendix Surgery,Dr. Sandeep Varma,4.8,ENT Specialist
Andhra Hospitals,Kakinada,"₹1,50,000",Appendix Surgery,Dr. Manish Rao,4.4,ENT Specialist
Aayush Hospitals,Nellore,"₹1,00,000",Child Vaccination,Dr. Ramesh Kumar,3.9,Experienced general surgeon
Omni Hospitals,Rajahmundry,"₹3,00,000",Ear Surgery,Dr. Meera Joshi,4,Experienced general surgeon
Manipal Hospitals,Rajahmundry,"₹5,00,000",Chemotherapy,Dr. Arjun Dev,4.7,Oncology expert
Aayush Hospitals,Guntur,"₹5,00,000",Angioplasty,Dr. Kavitha Reddy,5,Best orthopedic surgeon
KIMS Hospitals,Vijayawada,"₹5,00,000",Brain Surgery,Dr. Anand Sharma,4.7,Oncology expert
Andhra Hospitals,Tirupati,"₹1,50,000",Skin Treatment,Dr. Sneha Rao,5,Pediatric specialist
Sunshine Hospitals,Tirupati,"₹3,00,000",Brain Surgery,Dr. Priya Menon,4.7,Cardiac specialist
Care Hospitals,Kakinada,"₹50,000",Child Vaccination,Dr. Meera Joshi,4.5,Oncology expert
Rainbow Hospitals,Guntur,"₹5,00,000",Chemotherapy,Dr. Anand Sharma,3.8,Best neurologist
Manipal Hospitals,Rajahmundry,"₹2,00,000",Brain Surgery,Dr. Priya Menon,3.8,Top gynecologist
KIMS Hospitals,Rajahmundry,"₹1,00,000",C-Section Delivery,Dr. Neha Sharma,3.7,Best neurologist
Sunshine Hospitals,Nellore,"₹2,00,000",Appendix Surgery,Dr. Meera Joshi,4.6,Pediatric specialist
Andhra Hospitals,Guntur,"₹1,50,000",Skin Treatment,Dr. Arjun Dev,4.6,Top gynecologist
Andhra Hospitals,Visakhapatnam,"₹1,50,000",Skin Treatment,Dr. Anand Sharma,4.5,Renowned dermatologist
Care Hospitals,Hyderabad,"₹1,00,000",Angioplasty,Dr. Meera Joshi,4.4,ENT Specialist
Apollo Hospitals,Vijayawada,"₹1,50,000",C-Section Delivery,Dr. Arjun Dev,3.6,ENT Specialist
Manipal Hospitals,Visakhapatnam,"₹1,50,000",Skin Treatment,Dr. Arjun Dev,4.1,Cardiac specialist
Apollo Hospitals,Visakhapatnam,"₹1,50,000",Brain Surgery,Dr. Manish Rao,3.7,Best orthopedic surgeon
Care Hospitals,Kakinada,"₹1,50,000",Appendix Surgery,Dr. Sneha Rao,4.6,Pediatric specialist
KIMS Hospitals,Visakhapatnam,"₹5,00,000",Ear Surgery,Dr. Manish Rao,3.5,Best neurologist
Apollo Hospitals,Rajahmundry,"₹2,00,000",Appendix Surgery,Dr. Priya Menon,4,Best orthopedic surgeon
Kamineni Hospitals,Vijayawada,"₹3,00,000",Brain Surgery,Dr. Neha Sharma,4.5,Experienced general surgeon
Apollo Hospitals,Tirupati,"₹1,00,000",Appendix Surgery,Dr. Ramesh Kumar,3.8,Renowned dermatologist
Andhra Hospitals,Nellore,"₹50,000",Child Vaccination,Dr. Arjun Dev,4.1,Top gynecologist
Sunshine Hospitals,Nellore,"₹1,50,000",Knee Replacement,Dr. Sneha Rao,4.9,Pediatric specialist
Andhra Hospitals,Hyderabad,"₹2,00,000",Brain Surgery,Dr. Kavitha Reddy,4,Oncology expert
Care Hospitals,Vijayawada,"₹1,50,000",Knee Replacement,Dr. Kavitha Reddy,4.7,Pediatric specialist
Andhra Hospitals,Kakinada,"₹80,000",Ear Surgery,Dr. Anand Sharma,3.9,Expert in cardiology
Aayush Hospitals,Kakinada,"₹2,00,000",Child Vaccination,Dr. Meera Joshi,3.6,Cardiac specialist
Aayush Hospitals,Kakinada,"₹2,00,000",Appendix Surgery,Dr. Neha Sharma,4.8,ENT Specialist
Kamineni Hospitals,Nellore,"₹1,50,000",Ear Surgery,Dr. Manish Rao,5,Experienced general surgeon
Rainbow Hospitals,Vijayawada,"₹5,00,000",Appendix Surgery,Dr. Manish Rao,4.8,Best orthopedic surgeon
KIMS Hospitals,Hyderabad,"₹1,50,000",Skin Treatment,Dr. Sneha Rao,4.6,Pediatric specialist
Rainbow Hospitals,Nellore,"₹2,00,000",Appendix Surgery,Dr. Kavitha Reddy,4.4,Experienced general surgeon
Andhra Hospitals,Rajahmundry,"₹3,00,000",Heart Bypass Surgery,Dr. Kavitha Reddy,3.8,Oncology expert
Omni Hospitals,Hyderabad,"₹1,50,000",Chemotherapy,Dr. Meera Joshi,4.9,Pediatric specialist
Kamineni Hospitals,Guntur,"₹80,000",Knee Replacement,Dr. Ramesh Kumar,5,Pediatric specialist
Sunshine Hospitals,Vijayawada,"₹1,00,000",Knee Replacement,Dr. Manish Rao,4.4,Expert in cardiology
Care Hospitals,Kakinada,"₹1,50,000",Chemotherapy,Dr. Priya Menon,4,Pediatric specialist
Andhra Hospitals,Nellore,"₹2,00,000",Child Vaccination,Dr. Arjun Dev,4.8,Best neurologist
Manipal Hospitals,Tirupati,"₹80,000",Angioplasty,Dr. Sneha Rao,3.8,Renowned dermatologist
Aayush Hospitals,Tirupati,"₹50,000",Child Vaccination,Dr. Neha Sharma,4.2,Pediatric specialist
Rainbow Hospitals,Hyderabad,"₹5,00,000",Heart Bypass Surgery,Dr. Manish Rao,4.7,Expert in cardiology
Rainbow Hospitals,Nellore,"₹1,00,000",Knee Replacement,Dr. Kavitha Reddy,4.5,Pediatric specialist
Kamineni Hospitals,Nellore,"₹3,00,000",Chemotherapy,Dr. Priya Menon,4,Renowned dermatologist
Kamineni Hospitals,Visakhapatnam,"₹5,00,000",Child Vaccination,Dr. Meera Joshi,4.7,ENT Specialist
Sunshine Hospitals,Tirupati,"₹1,00,000",Skin Treatment,Dr. Priya Menon,4.4,Top gynecologist
Sunshine Hospitals,Vijayawada,"₹5,00,000",Appendix Surgery,Dr. Sandeep Varma,4.3,Best orthopedic surgeon
KIMS Hospitals,Rajahmundry,"₹50,000",Angioplasty,Dr. Neha Sharma,4,ENT Specialist
Kamineni Hospitals,Vijayawada,"₹2,00,000",Angioplasty,Dr. Manish Rao,3.9,ENT Specialist
Rainbow Hospitals,Kakinada,"₹5,00,000",Ear Surgery,Dr. Kavitha Reddy,4,ENT Specialist
KIMS Hospitals,Guntur,"₹3,00,000",C-Section Delivery,Dr. Sandeep Varma,5,Pediatric specialist
Manipal Hospitals,Guntur,"₹2,00,000",Appendix Surgery,Dr. Ramesh Kumar,3.8,Top gynecologist
Sunshine Hospitals,Vijayawada,"₹80,000",Knee Replacement,Dr. Anand Sharma,3.8,Best orthopedic surgeon
Andhra Hospitals,Kakinada,"₹3,00,000",Brain Surgery,Dr. Priya Menon,4.6,Pediatric specialist
Sunshine Hospitals,Hyderabad,"₹50,000",Ear Surgery,Dr. Meera Joshi,4.9,Renowned dermatologist
Andhra Hospitals,Tirupati,"₹2,00,000",Ear Surgery,Dr. Manish Rao,4,Renowned dermatologist
Manipal Hospitals,Vijayawada,"₹50,000",Knee Replacement,Dr. Arjun Dev,4.3,Best neurologist
Apollo Hospitals,Vijayawada,"₹50,000",C-Section Delivery,Dr. Meera Joshi,4.6,Oncology expert
Rainbow Hospitals,Rajahmundry,"₹2,00,000",Skin Treatment,Dr. Anand Sharma,5,Oncology expert
Apollo Hospitals,Vijayawada,"₹80,000",Appendix Surgery,Dr. Arjun Dev,4.2,Renowned dermatologist
Kamineni Hospitals,Tirupati,"₹5,00,000",Knee Replacement,Dr. Manish Rao,4.3,Top gynecologist
Kamineni Hospitals,Hyderabad,"₹2,00,000",Child Vaccination,Dr. Sandeep Varma,4,Pediatric specialist
Rainbow Hospitals,Rajahmundry,"₹3,00,000",Angioplasty,Dr. Manish Rao,5,Renowned dermatologist
KIMS Hospitals,Tirupati,"₹1,50,000",Skin Treatment,Dr. Arjun Dev,3.7,Oncology expert
Omni Hospitals,Tirupati,"₹1,50,000",Chemotherapy,Dr. Priya Menon,4.6,Oncology expert
Kamineni Hospitals,Nellore,"₹2,00,000",Ear Surgery,Dr. Kavitha Reddy,4.2,Best neurologist
Sunshine Hospitals,Visakhapatnam,"₹1,50,000",Child Vaccination,Dr. Meera Joshi,4.3,Renowned dermatologist
Manipal Hospitals,Kakinada,"₹1,50,000",Appendix Surgery,Dr. Kavitha Reddy,4.2,Best neurologist
Care Hospitals,Guntur,"₹80,000",Skin Treatment,Dr. Sandeep Varma,3.6,Pediatric specialist
Aayush Hospitals,Kakinada,"₹50,000",Child Vaccination,Dr. Neha Sharma,4.7,Oncology expert
Andhra Hospitals,Hyderabad,"₹1,00,000",Ear Surgery,Dr. Manish Rao,4.8,Top gynecologist
Sunshine Hospitals,Kakinada,"₹3,00,000",Chemotherapy,Dr. Meera Joshi,4.4,Oncology expert
Care Hospitals,Vijayawada,"₹80,000",Skin Treatment,Dr. Ramesh Kumar,4.7,Experienced general surgeon
Kamineni Hospitals,Guntur,"₹2,00,000",Skin Treatment,Dr. Anand Sharma,4.2,ENT Specialist
Omni Hospitals,Kakinada,"₹50,000",Child Vaccination,Dr. Sandeep Varma,4.1,Renowned dermatologist
Sunshine Hospitals,Vijayawada,"₹1,50,000",Brain Surgery,Dr. Anand Sharma,4.1,Best orthopedic surgeon
Sunshine Hospitals,Hyderabad,"₹80,000",Skin Treatment,Dr. Anand Sharma,4.2,Experienced general surgeon
Apollo Hospitals,Tirupati,"₹1,50,000",Appendix Surgery,Dr. Anand Sharma,3.9,Top gynecologist
Omni Hospitals,Visakhapatnam,"₹3,00,000",Angioplasty,Dr. Priya Menon,4.6,Best orthopedic surgeon
Apollo Hospitals,Guntur,"₹1,00,000",Angioplasty,Dr. Sandeep Varma,4.7,Best orthopedic surgeon
Sunshine Hospitals,Visakhapatnam,"₹3,00,000",C-Section Delivery,Dr. Manish Rao,4.5,Expert in cardiology
Apollo Hospitals,Nellore,"₹80,000",C-Section Delivery,Dr. Arjun Dev,4.5,Renowned dermatologist
Andhra Hospitals,Hyderabad,"₹2,00,000",Brain Surgery,Dr. Sneha Rao,4.3,ENT Specialist
Apollo Hospitals,Guntur,"₹80,000",Appendix Surgery,Dr. Sandeep Varma,4.6,Pediatric specialist
Apollo Hospitals,Kakinada,"₹2,00,000",Chemotherapy,Dr. Anand Sharma,4,Pediatric specialist
KIMS Hospitals,Nellore,"₹50,000",Angioplasty,Dr. Neha Sharma,4.9,ENT Specialist
Andhra Hospitals,Nellore,"₹3,00,000",Knee Replacement,Dr. Ramesh Kumar,4.6,Top gynecologist
Omni Hospitals,Kakinada,"₹5,00,000",Brain Surgery,Dr. Meera Joshi,4.1,Experienced general surgeon
Omni Hospitals,Guntur,"₹50,000",Brain Surgery,Dr. Sneha Rao,4.3,Cardiac specialist
Care Hospitals,Nellore,"₹5,00,000",Brain Surgery,Dr. Arjun Dev,4.3,Pediatric specialist
Andhra Hospitals,Tirupati,"₹50,000",Brain Surgery,Dr. Sandeep Varma,4.5,Best neurologist
Manipal Hospitals,Nellore,"₹1,00,000",Appendix Surgery,Dr. Arjun Dev,4.7,Oncology expert
Care Hospitals,Kakinada,"₹1,50,000",Chemotherapy,Dr. Arjun Dev,4.6,Best neurologist
Andhra Hospitals,Hyderabad,"₹2,00,000",Brain Surgery,Dr. Arjun Dev,3.7,Top gynecologist
Manipal Hospitals,Nellore,"₹2,00,000",Angioplasty,Dr. Sandeep Varma,3.8,Oncology expert
Kamineni Hospitals,Visakhapatnam,"₹80,000",Skin Treatment,Dr. Manish Rao,4.3,Cardiac specialist
Omni Hospitals,Rajahmundry,"₹3,00,000",Ear Surgery,Dr. Neha Sharma,4.8,Renowned dermatologist
Care Hospitals,Visakhapatnam,"₹5,00,000",Skin Treatment,Dr. Meera Joshi,4,Best neurologist
Sunshine Hospitals,Hyderabad,"₹1,00,000",Heart Bypass Surgery,Dr. Meera Joshi,4.7,Best neurologist
Care Hospitals,Vijayawada,"₹3,00,000",Heart Bypass Surgery,Dr. Meera Joshi,3.9,Oncology expert
KIMS Hospitals,Nellore,"₹3,00,000",Skin Treatment,Dr. Neha Sharma,3.8,Experienced general surgeon
Andhra Hospitals,Kakinada,"₹5,00,000",Heart Bypass Surgery,Dr. Priya Menon,4.4,Expert in cardiology
Sunshine Hospitals,Visakhapatnam,"₹80,000",Child Vaccination,Dr. Kavitha Reddy,4.3,Renowned dermatologist
Rainbow Hospitals,Nellore,"₹1,00,000",Child Vaccination,Dr. Sneha Rao,4.3,Oncology expert
Apollo Hospitals,Visakhapatnam,"₹80,000",Skin Treatment,Dr. Neha Sharma,4.9,Cardiac specialist
Kamineni Hospitals,Guntur,"₹50,000",Knee Replacement,Dr. Anand Sharma,3.9,Pediatric specialist
Rainbow Hospitals,Nellore,"₹3,00,000",Heart Bypass Surgery,Dr. Arjun Dev,4.1,Pediatric specialist
Manipal Hospitals,Rajahmundry,"₹5,00,000",Chemotherapy,Dr. Neha Sharma,3.7,Pediatric specialist
Kamineni Hospitals,Vijayawada,"₹50,000",Skin Treatment,Dr. Priya Menon,4.3,Experienced general surgeon
Sunshine Hospitals,Nellore,"₹80,000",Knee Replacement,Dr. Neha Sharma,4.5,Renowned dermatologist
Care Hospitals,Nellore,"₹80,000",Heart Bypass Surgery,Dr. Sneha Rao,4.3,Experienced general surgeon
Care Hospitals,Hyderabad,"₹5,00,000",Ear Surgery,Dr. Manish Rao,4.5,Top gynecologist
Care Hospitals,Kakinada,"₹1,50,000",Skin Treatment,Dr. Arjun Dev,4.6,ENT Specialist
Sunshine Hospitals,Vijayawada,"₹50,000",Knee Replacement,Dr. Priya Menon,4.2,Cardiac specialist
Kamineni Hospitals,Visakhapatnam,"₹1,00,000",C-Section Delivery,Dr. Sneha Rao,4.6,Renowned dermatologist
Care Hospitals,Guntur,"₹2,00,000",C-Section Delivery,Dr. Anand Sharma,4.4,Cardiac specialist
KIMS Hospitals,Hyderabad,"₹1,00,000",Child Vaccination,Dr. Sandeep Varma,4.5,Oncology expert
KIMS Hospitals,Hyderabad,"₹2,00,000",Chemotherapy,Dr. Anand Sharma,4.9,Expert in cardiology
Manipal Hospitals,Rajahmundry,"₹1,50,000",Knee Replacement,Dr. Arjun Dev,4,Cardiac specialist
Kamineni Hospitals,Kakinada,"₹1,50,000",Skin Treatment,Dr. Neha Sharma,5,Best neurologist
KIMS Hospitals,Hyderabad,"₹5,00,000",Skin Treatment,Dr. Ramesh Kumar,4.4,Top gynecologist
Kamineni Hospitals,Kakinada,"₹5,00,000",Angioplasty,Dr. Anand Sharma,4.8,Experienced general surgeon
Care Hospitals,Kakinada,"₹80,000",Heart Bypass Surgery,Dr. Sandeep Varma,4,Top gynecologist
Care Hospitals,Kakinada,"₹50,000",C-Section Delivery,Dr. Neha Sharma,4.9,Top gynecologist
Apollo Hospitals,Kakinada,"₹2,00,000",C-Section Delivery,Dr. Priya Menon,3.8,Cardiac specialist
Andhra Hospitals,Visakhapatnam,"₹80,000",Knee Replacement,Dr. Ramesh Kumar,3.9,Best neurologist
Sunshine Hospitals,Tirupati,"₹1,00,000",C-Section Delivery,Dr. Arjun Dev,3.9,Top gynecologist
Sunshine Hospitals,Vijayawada,"₹80,000",Knee Replacement,Dr. Meera Joshi,3.5,Renowned dermatologist
Omni Hospitals,Visakhapatnam,"₹50,000",C-Section Delivery,Dr. Anand Sharma,3.7,Cardiac specialist
Sunshine Hospitals,Hyderabad,"₹2,00,000",Angioplasty,Dr. Sandeep Varma,4.9,Top gynecologist
Manipal Hospitals,Guntur,"₹2,00,000",Knee Replacement,Dr. Arjun Dev,4.7,Oncology expert
Kamineni Hospitals,Guntur,"₹5,00,000",C-Section Delivery,Dr. Arjun Dev,4.5,Top gynecologist
Care Hospitals,Tirupati,"₹5,00,000",Chemotherapy,Dr. Sneha Rao,3.6,Top gynecologist
KIMS Hospitals,Nellore,"₹80,000",Angioplasty,Dr. Manish Rao,4.9,Oncology expert
KIMS Hospitals,Tirupati,"₹3,00,000",Appendix Surgery,Dr. Neha Sharma,4.5,Expert in cardiology
Kamineni Hospitals,Vijayawada,"₹5,00,000",Brain Surgery,Dr. Sneha Rao,4.4,Oncology expert
Sunshine Hospitals,Tirupati,"₹3,00,000",Ear Surgery,Dr. Anand Sharma,4.4,Expert in cardiology
KIMS Hospitals,Rajahmundry,"₹1,50,000",Brain Surgery,Dr. Arjun Dev,4.2,Best neurologist
Care Hospitals,Hyderabad,"₹2,00,000",Knee Replacement,Dr. Manish Rao,4,Renowned dermatologist
Aayush Hospitals,Vijayawada,"₹5,00,000",Child Vaccination,Dr. Ramesh Kumar,5,Expert in cardiology
Rainbow Hospitals,Guntur,"₹1,00,000",Brain Surgery,Dr. Ramesh Kumar,3.9,Renowned dermatologist
Aayush Hospitals,Rajahmundry,"₹80,000",Child Vaccination,Dr. Sneha Rao,4.6,Best neurologist
Rainbow Hospitals,Visakhapatnam,"₹5,00,000",Ear Surgery,Dr. Priya Menon,4.6,Oncology expert
Omni Hospitals,Visakhapatnam,"₹5,00,000",Chemotherapy,Dr. Manish Rao,3.9,Top gynecologist
Kamineni Hospitals,Kakinada,"₹50,000",Child Vaccination,Dr. Sneha Rao,4.4,ENT Specialist
KIMS Hospitals,Nellore,"₹50,000",Appendix Surgery,Dr. Meera Joshi,4.6,Experienced general surgeon
Andhra Hospitals,Visakhapatnam,"₹80,000",Child Vaccination,Dr. Kavitha Reddy,3.7,Best neurologist
Rainbow Hospitals,Kakinada,"₹80,000",Ear Surgery,Dr. Manish Rao,3.5,Cardiac specialist
Aayush Hospitals,Tirupati,"₹50,000",Brain Surgery,Dr. Sandeep Varma,4.9,Best neurologist
Aayush Hospitals,Tirupati,"₹1,00,000",C-Section Delivery,Dr. Sandeep Varma,4,Pediatric specialist
KIMS Hospitals,Rajahmundry,"₹1,50,000",Appendix Surgery,Dr. Priya Menon,4.2,Best neurologist
Sunshine Hospitals,Rajahmundry,"₹2,00,000",Child Vaccination,Dr. Neha Sharma,4.1,Best neurologist
KIMS Hospitals,Guntur,"₹5,00,000",Appendix Surgery,Dr. Meera Joshi,4.6,Experienced general surgeon
Rainbow Hospitals,Kakinada,"₹3,00,000",Appendix Surgery,Dr. Neha Sharma,3.8,Top gynecologist
Aayush Hospitals,Kakinada,"₹50,000",Heart Bypass Surgery,Dr. Sneha Rao,3.6,Renowned dermatologist
Manipal Hospitals,Rajahmundry,"₹3,00,000",Knee Replacement,Dr. Sandeep Varma,4.3,Pediatric specialist
Care Hospitals,Nellore,"₹2,00,000",Angioplasty,Dr. Anand Sharma,4.8,Oncology expert
KIMS Hospitals,Hyderabad,"₹3,00,000",Appendix Surgery,Dr. Priya Menon,3.5,Oncology expert
Kamineni Hospitals,Guntur,"₹2,00,000",Chemotherapy,Dr. Sneha Rao,4.6,Oncology expert
Kamineni Hospitals,Vijayawada,"₹50,000",C-Section Delivery,Dr. Kavitha Reddy,4.7,ENT Specialist
Andhra Hospitals,Rajahmundry,"₹1,50,000",Brain Surgery,Dr. Arjun Dev,4.2,Top gynecologist
Manipal Hospitals,Hyderabad,"₹1,00,000",Brain Surgery,Dr. Sneha Rao,3.5,Renowned dermatologist
Omni Hospitals,Nellore,"₹80,000",Chemotherapy,Dr. Arjun Dev,5,Cardiac specialist
Rainbow Hospitals,Nellore,"₹2,00,000",C-Section Delivery,Dr. Arjun Dev,4.2,Experienced general surgeon
Omni Hospitals,Tirupati,"₹5,00,000",Heart Bypass Surgery,Dr. Anand Sharma,4.2,ENT Specialist
Andhra Hospitals,Rajahmundry,"₹80,000",Knee Replacement,Dr. Arjun Dev,4.1,Experienced general surgeon
Apollo Hospitals,Guntur,"₹1,50,000",Ear Surgery,Dr. Arjun Dev,4.2,Best neurologist
Sunshine Hospitals,Nellore,"₹3,00,000",C-Section Delivery,Dr. Priya Menon,3.7,Experienced general surgeon
Omni Hospitals,Visakhapatnam,"₹3,00,000",Knee Replacement,Dr. Anand Sharma,4.6,Renowned dermatologist
KIMS Hospitals,Nellore,"₹1,00,000",Appendix Surgery,Dr. Arjun Dev,4.7,Renowned dermatologist
Aayush Hospitals,Tirupati,"₹1,50,000",Angioplasty,Dr. Ramesh Kumar,3.8,Cardiac specialist
Sunshine Hospitals,Guntur,"₹3,00,000",Heart Bypass Surgery,Dr. Kavitha Reddy,4.3,Oncology expert
Care Hospitals,Guntur,"₹80,000",Knee Replacement,Dr. Arjun Dev,5,Pediatric specialist
Manipal Hospitals,Visakhapatnam,"₹5,00,000",Chemotherapy,Dr. Meera Joshi,3.9,Experienced general surgeon
Manipal Hospitals,Nellore,"₹1,50,000",Appendix Surgery,Dr. Sandeep Varma,4.9,Cardiac specialist
Omni Hospitals,Visakhapatnam,"₹80,000",Angioplasty,Dr. Priya Menon,3.7,Best neurologist
Kamineni Hospitals,Nellore,"₹1,00,000",Child Vaccination,Dr. Manish Rao,4.8,Best neurologist
Apollo Hospitals,Tirupati,"₹50,000",Appendix Surgery,Dr. Neha Sharma,4,ENT Specialist
Aayush Hospitals,Tirupati,"₹3,00,000",Ear Surgery,Dr. Sandeep Varma,4.5,ENT Specialist
Omni Hospitals,Hyderabad,"₹80,000",Heart Bypass Surgery,Dr. Sneha Rao,4.1,Pediatric specialist
Omni Hospitals,Vijayawada,"₹1,50,000",Brain Surgery,Dr. Kavitha Reddy,3.7,Renowned dermatologist
Aayush Hospitals,Guntur,"₹2,00,000",C-Section Delivery,Dr. Manish Rao,4.4,Experienced general surgeon
Apollo Hospitals,Tirupati,"₹2,00,000",Skin Treatment,Dr. Sneha Rao,4.3,Cardiac specialist
Rainbow Hospitals,Tirupati,"₹5,00,000",Child Vaccination,Dr. Sneha Rao,3.9,ENT Specialist
Andhra Hospitals,Visakhapatnam,"₹50,000",Skin Treatment,Dr. Kavitha Reddy,4.1,Best orthopedic surgeon
Kamineni Hospitals,Vijayawada,"₹80,000",Appendix Surgery,Dr. Neha Sharma,4.9,ENT Specialist
Apollo Hospitals,Kakinada,"₹2,00,000",Chemotherapy,Dr. Arjun Dev,4.9,Renowned dermatologist
Kamineni Hospitals,Tirupati,"₹50,000",Child Vaccination,Dr. Meera Joshi,4.2,Expert in cardiology
Aayush Hospitals,Nellore,"₹80,000",Knee Replacement,Dr. Sandeep Varma,4.7,Best orthopedic surgeon
Rainbow Hospitals,Guntur,"₹1,00,000",Brain Surgery,Dr. Ramesh Kumar,3.6,ENT Specialist
Kamineni Hospitals,Guntur,"₹5,00,000",C-Section Delivery,Dr. Neha Sharma,4.4,Best neurologist
Kamineni Hospitals,Visakhapatnam,"₹2,00,000",Angioplasty,Dr. Priya Menon,4.2,Experienced general surgeon
Care Hospitals,Kakinada,"₹1,50,000",Ear Surgery,Dr. Meera Joshi,3.7,Experienced general surgeon
Kamineni Hospitals,Kakinada,"₹3,00,000",C-Section Delivery,Dr. Kavitha Reddy,4.5,Best orthopedic surgeon
Omni Hospitals,Vijayawada,"₹80,000",Chemotherapy,Dr. Meera Joshi,3.6,Oncology expert
Sunshine Hospitals,Nellore,"₹5,00,000",Heart Bypass Surgery,Dr. Arjun Dev,4.9,Best neurologist
Kamineni Hospitals,Rajahmundry,"₹2,00,000",Angioplasty,Dr. Kavitha Reddy,3.8,ENT Specialist
Omni Hospitals,Vijayawada,"₹5,00,000",Heart Bypass Surgery,Dr. Meera Joshi,4.6,Best orthopedic surgeon
Andhra Hospitals,Rajahmundry,"₹3,00,000",Angioplasty,Dr. Arjun Dev,5,Best neurologist
Manipal Hospitals,Nellore,"₹1,00,000",Angioplasty,Dr. Meera Joshi,4.7,Cardiac specialist
KIMS Hospitals,Kakinada,"₹5,00,000",Knee Replacement,Dr. Ramesh Kumar,3.6,Pediatric specialist
KIMS Hospitals,Hyderabad,"₹5,00,000",Heart Bypass Surgery,Dr. Kavitha Reddy,4.1,Best neurologist
Kamineni Hospitals,Vijayawada,"₹5,00,000",Knee Replacement,Dr. Neha Sharma,3.9,Renowned dermatologist
Sunshine Hospitals,Visakhapatnam,"₹1,00,000",C-Section Delivery,Dr. Anand Sharma,4.9,Experienced general surgeon
Kamineni Hospitals,Visakhapatnam,"₹3,00,000",Angioplasty,Dr. Priya Menon,4.7,ENT Specialist
Care Hospitals,Hyderabad,"₹50,000",Knee Replacement,Dr. Manish Rao,3.7,Best neurologist
Care Hospitals,Nellore,"₹2,00,000",Skin Treatment,Dr. Manish Rao,3.9,Experienced general surgeon
KIMS Hospitals,Tirupati,"₹1,00,000",Brain Surgery,Dr. Arjun Dev,5,Best orthopedic surgeon
Manipal Hospitals,Visakhapatnam,"₹3,00,000",Child Vaccination,Dr. Priya Menon,4.6,Best neurologist
Rainbow Hospitals,Guntur,"₹2,00,000",Appendix Surgery,Dr. Neha Sharma,4.3,Renowned dermatologist
Manipal Hospitals,Vijayawada,"₹2,00,000",Child Vaccination,Dr. Priya Menon,4.8,Best neurologist
Rainbow Hospitals,Hyderabad,"₹3,00,000",Child Vaccination,Dr. Neha Sharma,4.5,Top gynecologist
Andhra Hospitals,Nellore,"₹2,00,000",Heart Bypass Surgery,Dr. Kavitha Reddy,4,Best neurologist
Sunshine Hospitals,Visakhapatnam,"₹2,00,000",Angioplasty,Dr. Meera Joshi,3.8,Oncology expert
Care Hospitals,Rajahmundry,"₹80,000",Child Vaccination,Dr. Manish Rao,4.4,Oncology expert
Sunshine Hospitals,Vijayawada,"₹5,00,000",C-Section Delivery,Dr. Sandeep Varma,3.6,Renowned dermatologist
Kamineni Hospitals,Rajahmundry,"₹1,00,000",Child Vaccination,Dr. Sneha Rao,4,Expert in cardiology
Rainbow Hospitals,Vijayawada,"₹2,00,000",Brain Surgery,Dr. Kavitha Reddy,4.2,Best orthopedic surgeon
Andhra Hospitals,Tirupati,"₹80,000",Ear Surgery,Dr. Kavitha Reddy,3.5,Best neurologist
Apollo Hospitals,Tirupati,"₹1,00,000",Appendix Surgery,Dr. Kavitha Reddy,4.8,Renowned dermatologist
Kamineni Hospitals,Guntur,"₹1,50,000",Ear Surgery,Dr. Anand Sharma,4.9,Pediatric specialist
Omni Hospitals,Kakinada,"₹5,00,000",Knee Replacement,Dr. Arjun Dev,4,Oncology expert
Sunshine Hospitals,Kakinada,"₹2,00,000",Appendix Surgery,Dr. Meera Joshi,3.7,Renowned dermatologist
Rainbow Hospitals,Hyderabad,"₹50,000",Ear Surgery,Dr. Meera Joshi,3.9,Best neurologist
Sunshine Hospitals,Hyderabad,"₹5,00,000",Child Vaccination,Dr. Kavitha Reddy,3.8,Experienced general surgeon
KIMS Hospitals,Rajahmundry,"₹1,00,000",Heart Bypass Surgery,Dr. Neha Sharma,4.7,Top gynecologist
Manipal Hospitals,Rajahmundry,"₹5,00,000",Heart Bypass Surgery,Dr. Sandeep Varma,4.9,Experienced general surgeon
Manipal Hospitals,Hyderabad,"₹2,00,000",C-Section Delivery,Dr. Priya Menon,4.3,Top gynecologist
Sunshine Hospitals,Rajahmundry,"₹2,00,000",Ear Surgery,Dr. Arjun Dev,4.5,Renowned dermatologist
Sunshine Hospitals,Rajahmundry,"₹2,00,000",Skin Treatment,Dr. Manish Rao,4.7,Best neurologist
Care Hospitals,Hyderabad,"₹3,00,000",Knee Replacement,Dr. Arjun Dev,4.5,Cardiac specialist
Rainbow Hospitals,Hyderabad,"₹5,00,000",Angioplasty,Dr. Neha Sharma,4.3,Top gynecologist
Manipal Hospitals,Hyderabad,"₹2,00,000",Child Vaccination,Dr. Neha Sharma,4.3,Oncology expert
Care Hospitals,Kakinada,"₹80,000",C-Section Delivery,Dr. Kavitha Reddy,4.9,Best orthopedic surgeon
Care Hospitals,Kakinada,"₹1,00,000",C-Section Delivery,Dr. Ramesh Kumar,4.4,Pediatric specialist
Manipal Hospitals,Tirupati,"₹5,00,000",Knee Replacement,Dr. Sandeep Varma,3.5,ENT Specialist
Sunshine Hospitals,Kakinada,"₹1,00,000",Skin Treatment,Dr. Meera Joshi,4.7,ENT Specialist
Care Hospitals,Nellore,"₹1,50,000",Chemotherapy,Dr. Meera Joshi,4.7,Cardiac specialist
Omni Hospitals,Tirupati,"₹5,00,000",Appendix Surgery,Dr. Sneha Rao,4.7,Best neurologist
Care Hospitals,Guntur,"₹80,000",Skin Treatment,Dr. Ramesh Kumar,3.6,Top gynecologist
KIMS Hospitals,Visakhapatnam,"₹1,00,000",Appendix Surgery,Dr. Anand Sharma,4.4,Oncology expert
Sunshine Hospitals,Kakinada,"₹5,00,000",Brain Surgery,Dr. Anand Sharma,4.7,Cardiac specialist
Kamineni Hospitals,Guntur,"₹50,000",Knee Replacement,Dr. Neha Sharma,3.8,Best orthopedic surgeon
Apollo Hospitals,Vijayawada,"₹80,000",Chemotherapy,Dr. Kavitha Reddy,3.8,Expert in cardiology
Sunshine Hospitals,Vijayawada,"₹1,00,000",Knee Replacement,Dr. Arjun Dev,3.6,Oncology expert
Kamineni Hospitals,Visakhapatnam,"₹5,00,000",Ear Surgery,Dr. Priya Menon,5,ENT Specialist
Aayush Hospitals,Guntur,"₹5,00,000",Chemotherapy,Dr. Kavitha Reddy,4.7,Expert in cardiology
Aayush Hospitals,Visakhapatnam,"₹3,00,000",Ear Surgery,Dr. Ramesh Kumar,4.2,Experienced general surgeon
Apollo Hospitals,Nellore,"₹1,50,000",Appendix Surgery,Dr. Sandeep Varma,4,Cardiac specialist
Sunshine Hospitals,Hyderabad,"₹3,00,000",C-Section Delivery,Dr. Kavitha Reddy,3.9,Oncology expert
Sunshine Hospitals,Hyderabad,"₹80,000",Skin Treatment,Dr. Neha Sharma,4.6,Renowned dermatologist
Andhra Hospitals,Vijayawada,"₹1,50,000",Ear Surgery,Dr. Sneha Rao,4.8,Oncology expert
Andhra Hospitals,Rajahmundry,"₹1,00,000",Heart Bypass Surgery,Dr. Meera Joshi,4.2,Renowned dermatologist
Kamineni Hospitals,Rajahmundry,"₹2,00,000",Heart Bypass Surgery,Dr. Ramesh Kumar,3.6,Best neurologist
KIMS Hospitals,Rajahmundry,"₹3,00,000",Angioplasty,Dr. Anand Sharma,5,Expert in cardiology
Rainbow Hospitals,Guntur,"₹3,00,000",Child Vaccination,Dr. Anand Sharma,3.9,Oncology expert
Sunshine Hospitals,Guntur,"₹50,000",Child Vaccination,Dr. Anand Sharma,4.5,Best neurologist
Apollo Hospitals,Hyderabad,"₹50,000",Brain Surgery,Dr. Sandeep Varma,4.4,Experienced general surgeon
Sunshine Hospitals,Kakinada,"₹5,00,000",C-Section Delivery,Dr. Sandeep Varma,3.8,Cardiac specialist
Omni Hospitals,Nellore,"₹1,50,000",Appendix Surgery,Dr. Sandeep Varma,3.6,Top gynecologist
Apollo Hospitals,Tirupati,"₹1,00,000",Brain Surgery,Dr. Ramesh Kumar,4.8,Pediatric specialist
Manipal Hospitals,Vijayawada,"₹3,00,000",Skin Treatment,Dr. Neha Sharma,5,Top gynecologist
Rainbow Hospitals,Visakhapatnam,"₹2,00,000",Heart Bypass Surgery,Dr. Kavitha Reddy,3.7,Cardiac specialist
Care Hospitals,Vijayawada,"₹3,00,000",Chemotherapy,Dr. Ramesh Kumar,4.5,Renowned dermatologist
Aayush Hospitals,Visakhapatnam,"₹2,00,000",Brain Surgery,Dr. Anand Sharma,3.7,Experienced general surgeon
Rainbow Hospitals,Rajahmundry,"₹5,00,000",Child Vaccination,Dr. Neha Sharma,3.6,Best neurologist
Apollo Hospitals,Tirupati,"₹3,00,000",Brain Surgery,Dr. Anand Sharma,4,Best orthopedic surgeon
Kamineni Hospitals,Nellore,"₹50,000",Angioplasty,Dr. Priya Menon,4.1,Pediatric specialist
Aayush Hospitals,Hyderabad,"₹80,000",Heart Bypass Surgery,Dr. Sneha Rao,5,Expert in cardiology
Kamineni Hospitals,Vijayawada,"₹80,000",Appendix Surgery,Dr. Meera Joshi,4.8,Expert in cardiology
Apollo Hospitals,Guntur,"₹1,00,000",Appendix Surgery,Dr. Manish Rao,4.7,Top gynecologist
Manipal Hospitals,Vijayawada,"₹3,00,000",Brain Surgery,Dr. Meera Joshi,4.8,Renowned dermatologist
Aayush Hospitals,Kakinada,"₹50,000",Skin Treatment,Dr. Priya Menon,4.8,Oncology expert
Rainbow Hospitals,Vijayawada,"₹5,00,000",C-Section Delivery,Dr. Sandeep Varma,4.8,Expert in cardiology
Andhra Hospitals,Tirupati,"₹1,50,000",Angioplasty,Dr. Sneha Rao,4.3,Best neurologist
Rainbow Hospitals,Vijayawada,"₹1,00,000",Child Vaccination,Dr. Anand Sharma,4.9,Expert in cardiology
Aayush Hospitals,Kakinada,"₹1,50,000",Appendix Surgery,Dr. Neha Sharma,4.7,Best orthopedic surgeon
KIMS Hospitals,Guntur,"₹3,00,000",Knee Replacement,Dr. Meera Joshi,3.7,Expert in cardiology
Aayush Hospitals,Hyderabad,"₹1,50,000",Skin Treatment,Dr. Priya Menon,4.9,Top gynecologist
Kamineni Hospitals,Kakinada,"₹80,000",Ear Surgery,Dr. Ramesh Kumar,4.6,ENT Specialist
Manipal Hospitals,Visakhapatnam,"₹1,50,000",Brain Surgery,Dr. Meera Joshi,4.5,Pediatric specialist
Aayush Hospitals,Tirupati,"₹3,00,000",Ear Surgery,Dr. Ramesh Kumar,4.1,Cardiac specialist
Sunshine Hospitals,Hyderabad,"₹1,00,000",Knee Replacement,Dr. Anand Sharma,3.6,Oncology expert
Andhra Hospitals,Nellore,"₹1,00,000",Skin Treatment,Dr. Anand Sharma,5,Cardiac specialist
Omni Hospitals,Nellore,"₹1,50,000",Knee Replacement,Dr. Anand Sharma,4.3,Best neurologist
Rainbow Hospitals,Visakhapatnam,"₹3,00,000",Heart Bypass Surgery,Dr. Meera Joshi,3.7,Pediatric specialist
Apollo Hospitals,Tirupati,"₹1,00,000",Brain Surgery,Dr. Sandeep Varma,3.6,Top gynecologist
Omni Hospitals,Hyderabad,"₹80,000",Ear Surgery,Dr. Kavitha Reddy,3.8,Oncology expert
KIMS Hospitals,Vijayawada,"₹2,00,000",Brain Surgery,Dr. Kavitha Reddy,4.8,Oncology expert
Apollo Hospitals,Visakhapatnam,"₹80,000",Chemotherapy,Dr. Kavitha Reddy,3.5,Top gynecologist
Rainbow Hospitals,Rajahmundry,"₹2,00,000",Child Vaccination,Dr. Arjun Dev,4.7,Pediatric specialist
Omni Hospitals,Vijayawada,"₹2,00,000",Child Vaccination,Dr. Kavitha Reddy,4.9,Best neurologist
Rainbow Hospitals,Hyderabad,"₹1,50,000",Knee Replacement,Dr. Anand Sharma,3.8,Oncology expert
Kamineni Hospitals,Hyderabad,"₹50,000",Chemotherapy,Dr. Ramesh Kumar,4.7,Oncology expert
Sunshine Hospitals,Nellore,"₹1,00,000",Chemotherapy,Dr. Ramesh Kumar,3.5,Best orthopedic surgeon
Omni Hospitals,Rajahmundry,"₹5,00,000",Heart Bypass Surgery,Dr. Anand Sharma,4.8,Best orthopedic surgeon
Andhra Hospitals,Guntur,"₹1,50,000",Brain Surgery,Dr. Manish Rao,4.4,Expert in cardiology
Andhra Hospitals,Tirupati,"₹2,00,000",Brain Surgery,Dr. Manish Rao,4,Pediatric specialist
KIMS Hospitals,Visakhapatnam,"₹1,00,000",Chemotherapy,Dr. Arjun Dev,4.5,Best orthopedic surgeon
KIMS Hospitals,Rajahmundry,"₹5,00,000",Brain Surgery,Dr. Sandeep Varma,3.6,ENT Specialist
Apollo Hospitals,Rajahmundry,"₹80,000",Heart Bypass Surgery,Dr. Sandeep Varma,4.9,Top gynecologist
Care Hospitals,Hyderabad,"₹3,00,000",Angioplasty,Dr. Arjun Dev,3.6,Top gynecologist
Care Hospitals,Guntur,"₹1,50,000",Heart Bypass Surgery,Dr. Priya Menon,3.7,Renowned dermatologist
Andhra Hospitals,Hyderabad,"₹50,000",Chemotherapy,Dr. Neha Sharma,4.2,Top gynecologist
Sunshine Hospitals,Vijayawada,"₹50,000",Knee Replacement,Dr. Ramesh Kumar,4,Oncology expert
Rainbow Hospitals,Nellore,"₹80,000",Appendix Surgery,Dr. Anand Sharma,4,Renowned dermatologist
Rainbow Hospitals,Kakinada,"₹50,000",Chemotherapy,Dr. Arjun Dev,4.6,Oncology expert
Sunshine Hospitals,Hyderabad,"₹3,00,000",Brain Surgery,Dr. Manish Rao,4.2,Top gynecologist
Apollo Hospitals,Tirupati,"₹5,00,000",Ear Surgery,Dr. Manish Rao,4.9,Cardiac specialist
Omni Hospitals,Vijayawada,"₹80,000",Angioplasty,Dr. Ramesh Kumar,4.9,Top gynecologist
KIMS Hospitals,Hyderabad,"₹3,00,000",Knee Replacement,Dr. Anand Sharma,4.6,Pediatric specialist
KIMS Hospitals,Visakhapatnam,"₹1,50,000",Angioplasty,Dr. Meera Joshi,3.7,ENT Specialist
Care Hospitals,Nellore,"₹2,00,000",Heart Bypass Surgery,Dr. Sandeep Varma,4.2,Experienced general surgeon
KIMS Hospitals,Nellore,"₹2,00,000",Brain Surgery,Dr. Manish Rao,3.7,Best neurologist
Andhra Hospitals,Guntur,"₹5,00,000",Heart Bypass Surgery,Dr. Priya Menon,4,Renowned dermatologist
Manipal Hospitals,Tirupati,"₹1,50,000",Chemotherapy,Dr. Kavitha Reddy,4.6,Best neurologist
Aayush Hospitals,Hyderabad,"₹1,50,000",Child Vaccination,Dr. Manish Rao,4.7,Oncology expert
Rainbow Hospitals,Rajahmundry,"₹80,000",C-Section Delivery,Dr. Neha Sharma,4.8,Expert in cardiology
Andhra Hospitals,Kakinada,"₹1,50,000",Ear Surgery,Dr. Priya Menon,4.5,Oncology expert
Apollo Hospitals,Hyderabad,"₹80,000",Chemotherapy,Dr. Kavitha Reddy,3.8,Experienced general surgeon
Care Hospitals,Hyderabad,"₹2,00,000",Knee Replacement,Dr. Arjun Dev,4.2,Expert in cardiology
KIMS Hospitals,Tirupati,"₹3,00,000",Angioplasty,Dr. Priya Menon,3.6,Oncology expert
Manipal Hospitals,Kakinada,"₹1,50,000",Heart Bypass Surgery,Dr. Meera Joshi,4.9,ENT Specialist
Rainbow Hospitals,Tirupati,"₹50,000",Child Vaccination,Dr. Anand Sharma,4.3,Best neurologist
Manipal Hospitals,Kakinada,"₹50,000",Angioplasty,Dr. Sneha Rao,4.1,Best orthopedic surgeon
Rainbow Hospitals,Vijayawada,"₹2,00,000",Chemotherapy,Dr. Anand Sharma,3.8,Best orthopedic surgeon
Manipal Hospitals,Nellore,"₹3,00,000",Appendix Surgery,Dr. Kavitha Reddy,4.7,ENT Specialist
Kamineni Hospitals,Nellore,"₹1,00,000",Appendix Surgery,Dr. Ramesh Kumar,3.8,Cardiac specialist
Kamineni Hospitals,Vijayawada,"₹1,50,000",Skin Treatment,Dr. Meera Joshi,3.7,Pediatric specialist
Kamineni Hospitals,Guntur,"₹1,00,000",Brain Surgery,Dr. Anand Sharma,4,Oncology expert
Care Hospitals,Vijayawada,"₹1,00,000",Angioplasty,Dr. Arjun Dev,4.8,Expert in cardiology
Aayush Hospitals,Tirupati,"₹50,000",Chemotherapy,Dr. Kavitha Reddy,3.8,Best neurologist
Rainbow Hospitals,Rajahmundry,"₹50,000",Child Vaccination,Dr. Kavitha Reddy,4.4,Expert in cardiology
Aayush Hospitals,Tirupati,"₹3,00,000",Child Vaccination,Dr. Ramesh Kumar,4,Cardiac specialist
Aayush Hospitals,Tirupati,"₹50,000",Chemotherapy,Dr. Anand Sharma,3.8,Oncology expert
Andhra Hospitals,Kakinada,"₹1,00,000",Angioplasty,Dr. Sandeep Varma,4,Oncology expert
Rainbow Hospitals,Tirupati,"₹2,00,000",Knee Replacement,Dr. Anand Sharma,4,Experienced general surgeon
Kamineni Hospitals,Hyderabad,"₹50,000",Heart Bypass Surgery,Dr. Arjun Dev,4,Oncology expert
Kamineni Hospitals,Hyderabad,"₹1,00,000",Child Vaccination,Dr. Kavitha Reddy,4.4,Expert in cardiology
Kamineni Hospitals,Guntur,"₹50,000",Ear Surgery,Dr. Sandeep Varma,4.8,ENT Specialist
Care Hospitals,Nellore,"₹2,00,000",Appendix Surgery,Dr. Neha Sharma,4.5,Renowned dermatologist
Apollo Hospitals,Vijayawada,"₹80,000",Brain Surgery,Dr. Anand Sharma,4.7,Cardiac specialist
KIMS Hospitals,Visakhapatnam,"₹5,00,000",Ear Surgery,Dr. Meera Joshi,3.8,Top gynecologist
Kamineni Hospitals,Guntur,"₹80,000",Child Vaccination,Dr. Sneha Rao,4.3,Cardiac specialist
Care Hospitals,Nellore,"₹50,000",Child Vaccination,Dr. Sandeep Varma,5,Oncology expert
Kamineni Hospitals,Rajahmundry,"₹1,50,000",Chemotherapy,Dr. Sneha Rao,3.7,Experienced general surgeon
KIMS Hospitals,Vijayawada,"₹3,00,000",Heart Bypass Surgery,Dr. Neha Sharma,4.9,Best neurologist
Andhra Hospitals,Hyderabad,"₹5,00,000",Knee Replacement,Dr. Manish Rao,4.6,Best neurologist
Sunshine Hospitals,Kakinada,"₹2,00,000",Appendix Surgery,Dr. Kavitha Reddy,3.8,Experienced general surgeon
Omni Hospitals,Visakhapatnam,"₹1,00,000",Ear Surgery,Dr. Meera Joshi,4,Best orthopedic surgeon
Sunshine Hospitals,Visakhapatnam,"₹2,00,000",Skin Treatment,Dr. Anand Sharma,4.9,Expert in cardiology
Apollo Hospitals,Vijayawada,"₹80,000",Appendix Surgery,Dr. Kavitha Reddy,4,Cardiac specialist
Andhra Hospitals,Hyderabad,"₹1,00,000",C-Section Delivery,Dr. Meera Joshi,4.4,ENT Specialist
Andhra Hospitals,Guntur,"₹2,00,000",Knee Replacement,Dr. Manish Rao,4.3,Best neurologist
Andhra Hospitals,Tirupati,"₹50,000",Ear Surgery,Dr. Arjun Dev,4,Pediatric specialist
Omni Hospitals,Tirupati,"₹1,50,000",Ear Surgery,Dr. Anand Sharma,3.7,Cardiac specialist
Sunshine Hospitals,Guntur,"₹5,00,000",Skin Treatment,Dr. Arjun Dev,4.4,Pediatric specialist
Aayush Hospitals,Nellore,"₹1,00,000",Appendix Surgery,Dr. Meera Joshi,3.7,Pediatric specialist
Kamineni Hospitals,Guntur,"₹1,00,000",Chemotherapy,Dr. Neha Sharma,4.2,Top gynecologist
Kamineni Hospitals,Kakinada,"₹1,00,000",Knee Replacement,Dr. Kavitha Reddy,4.2,Top gynecologist
Rainbow Hospitals,Guntur,"₹1,00,000",Heart Bypass Surgery,Dr. Ramesh Kumar,3.5,Renowned dermatologist
Sunshine Hospitals,Nellore,"₹80,000",Ear Surgery,Dr. Neha Sharma,4.2,ENT Specialist
Apollo Hospitals,Tirupati,"₹80,000",Child Vaccination,Dr. Ramesh Kumar,4.7,Cardiac specialist
Omni Hospitals,Rajahmundry,"₹1,00,000",C-Section Delivery,Dr. Kavitha Reddy,4.2,Cardiac specialist
Rainbow Hospitals,Guntur,"₹50,000",C-Section Delivery,Dr. Manish Rao,3.5,Best neurologist
Rainbow Hospitals,Visakhapatnam,"₹1,50,000",Brain Surgery,Dr. Neha Sharma,4.7,ENT Specialist
Apollo Hospitals,Rajahmundry,"₹3,00,000",Child Vaccination,Dr. Manish Rao,4.4,Pediatric specialist
Manipal Hospitals,Nellore,"₹50,000",Brain Surgery,Dr. Neha Sharma,4.1,Top gynecologist
Rainbow Hospitals,Guntur,"₹3,00,000",Ear Surgery,Dr. Sandeep Varma,4.3,Renowned dermatologist
Aayush Hospitals,Guntur,"₹5,00,000",Knee Replacement,Dr. Kavitha Reddy,4.6,Oncology expert
Sunshine Hospitals,Visakhapatnam,"₹3,00,000",Skin Treatment,Dr. Neha Sharma,3.7,Cardiac specialist
Rainbow Hospitals,Nellore,"₹1,00,000",Skin Treatment,Dr. Manish Rao,4.9,Pediatric specialist
Sunshine Hospitals,Tirupati,"₹50,000",Brain Surgery,Dr. Anand Sharma,4,Oncology expert
Aayush Hospitals,Visakhapatnam,"₹3,00,000",Chemotherapy,Dr. Sandeep Varma,4.4,ENT Specialist
Manipal Hospitals,Vijayawada,"₹5,00,000",Skin Treatment,Dr. Sneha Rao,4.6,Best orthopedic surgeon
Care Hospitals,Guntur,"₹1,50,000",Chemotherapy,Dr. Sandeep Varma,4.3,Renowned dermatologist
Kamineni Hospitals,Vijayawada,"₹1,50,000",Child Vaccination,Dr. Sandeep Varma,5,Cardiac specialist
Rainbow Hospitals,Tirupati,"₹80,000",Ear Surgery,Dr. Meera Joshi,4.6,Cardiac specialist
KIMS Hospitals,Nellore,"₹2,00,000",Knee Replacement,Dr. Ramesh Kumar,4.1,Experienced general surgeon
Rainbow Hospitals,Kakinada,"₹5,00,000",Skin Treatment,Dr. Arjun Dev,4,Renowned dermatologist
Andhra Hospitals,Nellore,"₹1,50,000",Appendix Surgery,Dr. Meera Joshi,4.5,Experienced general surgeon
Manipal Hospitals,Nellore,"₹1,00,000",Knee Replacement,Dr. Anand Sharma,4.4,Expert in cardiology
Manipal Hospitals,Tirupati,"₹2,00,000",Chemotherapy,Dr. Ramesh Kumar,4.7,Pediatric specialist
Manipal Hospitals,Rajahmundry,"₹3,00,000",C-Section Delivery,Dr. Ramesh Kumar,4.8,Renowned dermatologist
Apollo Hospitals,Visakhapatnam,"₹3,00,000",Ear Surgery,Dr. Sandeep Varma,5,Top gynecologist
Aayush Hospitals,Kakinada,"₹50,000",Knee Replacement,Dr. Manish Rao,4.4,Best orthopedic surgeon
Care Hospitals,Tirupati,"₹80,000",Chemotherapy,Dr. Priya Menon,4,Experienced general surgeon
Care Hospitals,Visakhapatnam,"₹80,000",Angioplasty,Dr. Kavitha Reddy,3.6,Top gynecologist
Andhra Hospitals,Rajahmundry,"₹5,00,000",Appendix Surgery,Dr. Neha Sharma,4,Renowned dermatologist
Rainbow Hospitals,Guntur,"₹3,00,000",Child Vaccination,Dr. Kavitha Reddy,4,Expert in cardiology
Kamineni Hospitals,Vijayawada,"₹80,000",Brain Surgery,Dr. Neha Sharma,4.5,Best neurologist
Andhra Hospitals,Vijayawada,"₹1,00,000",Child Vaccination,Dr. Arjun Dev,4.5,Best neurologist
KIMS Hospitals,Kakinada,"₹50,000",Ear Surgery,Dr. Kavitha Reddy,3.6,Cardiac specialist
Care Hospitals,Nellore,"₹1,50,000",Chemotherapy,Dr. Meera Joshi,3.5,Cardiac specialist
KIMS Hospitals,Guntur,"₹1,50,000",Heart Bypass Surgery,Dr. Neha Sharma,4.1,Best orthopedic surgeon
Rainbow Hospitals,Nellore,"₹2,00,000",Appendix Surgery,Dr. Manish Rao,4.1,Oncology expert
KIMS Hospitals,Vijayawada,"₹5,00,000",Child Vaccination,Dr. Sandeep Varma,4.3,Best neurologist
KIMS Hospitals,Nellore,"₹2,00,000",Knee Replacement,Dr. Sneha Rao,4,Pediatric specialist
Andhra Hospitals,Hyderabad,"₹5,00,000",Knee Replacement,Dr. Arjun Dev,4.9,Top gynecologist
Apollo Hospitals,Guntur,"₹5,00,000",Child Vaccination,Dr. Anand Sharma,3.6,Best orthopedic surgeon
Andhra Hospitals,Visakhapatnam,"₹1,50,000",Brain Surgery,Dr. Arjun Dev,4.8,Top gynecologist
Care Hospitals,Visakhapatnam,"₹50,000",Ear Surgery,Dr. Sandeep Varma,4.8,Renowned dermatologist
Manipal Hospitals,Visakhapatnam,"₹50,000",Heart Bypass Surgery,Dr. Arjun Dev,4.4,Expert in cardiology
Omni Hospitals,Tirupati,"₹80,000",C-Section Delivery,Dr. Priya Menon,4.5,Cardiac specialist
Rainbow Hospitals,Nellore,"₹2,00,000",Child Vaccination,Dr. Priya Menon,4.1,Cardiac specialist
Omni Hospitals,Visakhapatnam,"₹80,000",Child Vaccination,Dr. Arjun Dev,4,Renowned dermatologist
Aayush Hospitals,Hyderabad,"₹5,00,000",Knee Replacement,Dr. Neha Sharma,4.7,Oncology expert
Aayush Hospitals,Visakhapatnam,"₹80,000",Brain Surgery,Dr. Arjun Dev,4.1,Renowned dermatologist
Manipal Hospitals,Tirupati,"₹80,000",Heart Bypass Surgery,Dr. Manish Rao,4.7,Experienced general surgeon
Apollo Hospitals,Nellore,"₹1,50,000",C-Section Delivery,Dr. Kavitha Reddy,4.5,Experienced general surgeon
Sunshine Hospitals,Hyderabad,"₹80,000",Child Vaccination,Dr. Priya Menon,4.1,Cardiac specialist
KIMS Hospitals,Nellore,"₹3,00,000",Skin Treatment,Dr. Manish Rao,3.6,Best neurologist
Kamineni Hospitals,Kakinada,"₹1,50,000",Appendix Surgery,Dr. Neha Sharma,3.7,Oncology expert
Apollo Hospitals,Hyderabad,"₹80,000",Child Vaccination,Dr. Ramesh Kumar,4.3,Oncology expert
Rainbow Hospitals,Tirupati,"₹50,000",Skin Treatment,Dr. Sneha Rao,4.2,Renowned dermatologist
Manipal Hospitals,Guntur,"₹80,000",Brain Surgery,Dr. Arjun Dev,3.8,Cardiac specialist
Omni Hospitals,Rajahmundry,"₹2,00,000",Child Vaccination,Dr. Neha Sharma,4.9,Experienced general surgeon
Sunshine Hospitals,Hyderabad,"₹2,00,000",Ear Surgery,Dr. Arjun Dev,4.4,Expert in cardiology
Kamineni Hospitals,Tirupati,"₹1,00,000",Chemotherapy,Dr. Ramesh Kumar,4.5,Oncology expert
Andhra Hospitals,Visakhapatnam,"₹1,00,000",Chemotherapy,Dr. Sandeep Varma,4.3,Top gynecologist
Rainbow Hospitals,Vijayawada,"₹80,000",Angioplasty,Dr. Kavitha Reddy,4,Oncology expert
Kamineni Hospitals,Tirupati,"₹3,00,000",C-Section Delivery,Dr. Anand Sharma,3.5,Pediatric specialist
Andhra Hospitals,Tirupati,"₹50,000",Child Vaccination,Dr. Arjun Dev,3.7,Experienced general surgeon
Omni Hospitals,Rajahmundry,"₹1,00,000",Skin Treatment,Dr. Kavitha Reddy,3.9,Experienced general surgeon
Manipal Hospitals,Guntur,"₹50,000",Knee Replacement,Dr. Manish Rao,4.1,Experienced general surgeon
Aayush Hospitals,Visakhapatnam,"₹2,00,000",Knee Replacement,Dr. Arjun Dev,3.5,Oncology expert
KIMS Hospitals,Vijayawada,"₹2,00,000",C-Section Delivery,Dr. Meera Joshi,5,Oncology expert
Care Hospitals,Nellore,"₹1,00,000",Ear Surgery,Dr. Meera Joshi,4.8,Best orthopedic surgeon
Apollo Hospitals,Hyderabad,"₹3,00,000",Chemotherapy,Dr. Ramesh Kumar,4.4,Cardiac specialist
Rainbow Hospitals,Hyderabad,"₹1,00,000",Appendix Surgery,Dr. Kavitha Reddy,4.7,Renowned dermatologist
Manipal Hospitals,Vijayawada,"₹80,000",Ear Surgery,Dr. Arjun Dev,3.6,Renowned dermatologist
Rainbow Hospitals,Kakinada,"₹1,50,000",Chemotherapy,Dr. Manish Rao,3.9,Oncology expert
Sunshine Hospitals,Tirupati,"₹3,00,000",Skin Treatment,Dr. Manish Rao,4.9,Experienced general surgeon
Care Hospitals,Kakinada,"₹5,00,000",Ear Surgery,Dr. Neha Sharma,4.7,Pediatric specialist
KIMS Hospitals,Nellore,"₹2,00,000",C-Section Delivery,Dr. Sneha Rao,4.9,Pediatric specialist
Care Hospitals,Tirupati,"₹50,000",Child Vaccination,Dr. Kavitha Reddy,3.7,Top gynecologist
Kamineni Hospitals,Nellore,"₹2,00,000",Heart Bypass Surgery,Dr. Neha Sharma,4,Best orthopedic surgeon
KIMS Hospitals,Guntur,"₹3,00,000",C-Section Delivery,Dr. Neha Sharma,3.9,Expert in cardiology
Kamineni Hospitals,Guntur,"₹3,00,000",Appendix Surgery,Dr. Sandeep Varma,3.7,Oncology expert
Omni Hospitals,Hyderabad,"₹5,00,000",Heart Bypass Surgery,Dr. Arjun Dev,4.7,Best neurologist
Rainbow Hospitals,Kakinada,"₹3,00,000",Child Vaccination,Dr. Kavitha Reddy,4.9,Renowned dermatologist
Care Hospitals,Nellore,"₹1,00,000",Knee Replacement,Dr. Arjun Dev,4.6,Pediatric specialist
Aayush Hospitals,Guntur,"₹5,00,000",Ear Surgery,Dr. Manish Rao,4.8,Expert in cardiology
Manipal Hospitals,Hyderabad,"₹80,000",Knee Replacement,Dr. Kavitha Reddy,4.3,Expert in cardiology
Sunshine Hospitals,Guntur,"₹1,00,000",Brain Surgery,Dr. Arjun Dev,4.3,Top gynecologist
KIMS Hospitals,Nellore,"₹2,00,000",Brain Surgery,Dr. Arjun Dev,4.3,Best orthopedic surgeon
Andhra Hospitals,Visakhapatnam,"₹50,000",Skin Treatment,Dr. Sandeep Varma,4.3,Pediatric specialist
Aayush Hospitals,Rajahmundry,"₹3,00,000",Ear Surgery,Dr. Arjun Dev,3.8,Top gynecologist
Manipal Hospitals,Kakinada,"₹1,50,000",Knee Replacement,Dr. Neha Sharma,4.6,Cardiac specialist
Omni Hospitals,Tirupati,"₹3,00,000",Heart Bypass Surgery,Dr. Sneha Rao,4.4,Pediatric specialist
Kamineni Hospitals,Rajahmundry,"₹80,000",Heart Bypass Surgery,Dr. Anand Sharma,4.4,Top gynecologist
Care Hospitals,Kakinada,"₹1,00,000",Skin Treatment,Dr. Sandeep Varma,4.5,Expert in cardiology
Care Hospitals,Kakinada,"₹3,00,000",Heart Bypass Surgery,Dr. Priya Menon,3.9,Best orthopedic surgeon
KIMS Hospitals,Hyderabad,"₹5,00,000",Skin Treatment,Dr. Neha Sharma,4.5,Top gynecologist
Rainbow Hospitals,Guntur,"₹5,00,000",Heart Bypass Surgery,Dr. Sandeep Varma,4.4,ENT Specialist
Andhra Hospitals,Guntur,"₹1,00,000",Chemotherapy,Dr. Sneha Rao,4.4,Expert in cardiology
Kamineni Hospitals,Nellore,"₹3,00,000",Knee Replacement,Dr. Kavitha Reddy,4.5,Pediatric specialist
Manipal Hospitals,Kakinada,"₹50,000",Brain Surgery,Dr. Meera Joshi,4.9,Best neurologist
KIMS Hospitals,Nellore,"₹80,000",Brain Surgery,Dr. Neha Sharma,3.9,Renowned dermatologist
Kamineni Hospitals,Vijayawada,"₹1,00,000",Chemotherapy,Dr. Meera Joshi,4.9,Top gynecologist
Omni Hospitals,Visakhapatnam,"₹80,000",Brain Surgery,Dr. Anand Sharma,4,Pediatric specialist
Manipal Hospitals,Visakhapatnam,"₹3,00,000",Ear Surgery,Dr. Manish Rao,4,Pediatric specialist
Apollo Hospitals,Nellore,"₹2,00,000",C-Section Delivery,Dr. Manish Rao,4.8,Pediatric specialist
Kamineni Hospitals,Vijayawada,"₹1,50,000",Knee Replacement,Dr. Neha Sharma,4.5,Cardiac specialist
KIMS Hospitals,Visakhapatnam,"₹5,00,000",Heart Bypass Surgery,Dr. Meera Joshi,3.9,Top gynecologist
Omni Hospitals,Kakinada,"₹1,00,000",Ear Surgery,Dr. Meera Joshi,4.3,Renowned dermatologist
Andhra Hospitals,Vijayawada,"₹1,50,000",Knee Replacement,Dr. Manish Rao,3.7,Pediatric specialist
Omni Hospitals,Hyderabad,"₹80,000",Child Vaccination,Dr. Sandeep Varma,4.4,ENT Specialist
Aayush Hospitals,Tirupati,"₹1,50,000",Ear Surgery,Dr. Kavitha Reddy,4.9,Oncology expert
Rainbow Hospitals,Tirupati,"₹1,00,000",Chemotherapy,Dr. Sandeep Varma,4.1,Renowned dermatologist
Andhra Hospitals,Tirupati,"₹3,00,000",Appendix Surgery,Dr. Manish Rao,4.5,Pediatric specialist
Omni Hospitals,Vijayawada,"₹50,000",Brain Surgery,Dr. Sandeep Varma,4.1,Pediatric specialist
KIMS Hospitals,Tirupati,"₹3,00,000",Ear Surgery,Dr. Neha Sharma,3.5,Experienced general surgeon
Kamineni Hospitals,Nellore,"₹5,00,000",Appendix Surgery,Dr. Neha Sharma,3.6,Experienced general surgeon
Manipal Hospitals,Kakinada,"₹50,000",Heart Bypass Surgery,Dr. Arjun Dev,3.6,Renowned dermatologist
KIMS Hospitals,Nellore,"₹50,000",C-Section Delivery,Dr. Arjun Dev,4.4,Pediatric specialist
Rainbow Hospitals,Nellore,"₹5,00,000",Angioplasty,Dr. Meera Joshi,3.9,Top gynecologist
Andhra Hospitals,Hyderabad,"₹1,50,000",Knee Replacement,Dr. Manish Rao,4.5,Experienced general surgeon
Manipal Hospitals,Nellore,"₹3,00,000",Angioplasty,Dr. Neha Sharma,4.7,Best orthopedic surgeon
Rainbow Hospitals,Visakhapatnam,"₹2,00,000",Appendix Surgery,Dr. Ramesh Kumar,4.5,Top gynecologist
KIMS Hospitals,Kakinada,"₹50,000",Heart Bypass Surgery,Dr. Neha Sharma,4.7,Cardiac specialist
KIMS Hospitals,Vijayawada,"₹2,00,000",Chemotherapy,Dr. Priya Menon,4,Top gynecologist
Manipal Hospitals,Rajahmundry,"₹3,00,000",C-Section Delivery,Dr. Meera Joshi,4.6,Cardiac specialist
Aayush Hospitals,Tirupati,"₹1,50,000",Heart Bypass Surgery,Dr. Priya Menon,4.7,Oncology expert
Kamineni Hospitals,Tirupati,"₹50,000",Appendix Surgery,Dr. Sandeep Varma,3.6,ENT Specialist
Omni Hospitals,Rajahmundry,"₹50,000",Brain Surgery,Dr. Sneha Rao,3.7,ENT Specialist
Manipal Hospitals,Kakinada,"₹1,50,000",C-Section Delivery,Dr. Kavitha Reddy,4.3,Cardiac specialist
Manipal Hospitals,Vijayawada,"₹2,00,000",Appendix Surgery,Dr. Kavitha Reddy,4.5,ENT Specialist
Manipal Hospitals,Tirupati,"₹50,000",Angioplasty,Dr. Kavitha Reddy,3.9,ENT Specialist
Apollo Hospitals,Rajahmundry,"₹2,00,000",Chemotherapy,Dr. Priya Menon,4.7,Best neurologist
KIMS Hospitals,Visakhapatnam,"₹80,000",Child Vaccination,Dr. Sneha Rao,4.8,Expert in cardiology
Sunshine Hospitals,Vijayawada,"₹80,000",Appendix Surgery,Dr. Anand Sharma,3.8,Pediatric specialist
Manipal Hospitals,Nellore,"₹2,00,000",Skin Treatment,Dr. Priya Menon,3.9,ENT Specialist
Aayush Hospitals,Kakinada,"₹3,00,000",Chemotherapy,Dr. Meera Joshi,3.8,Experienced general surgeon
Andhra Hospitals,Guntur,"₹3,00,000",C-Section Delivery,Dr. Manish Rao,4.6,Expert in cardiology
Sunshine Hospitals,Visakhapatnam,"₹5,00,000",Angioplasty,Dr. Sandeep Varma,4.4,Best orthopedic surgeon
Aayush Hospitals,Nellore,"₹1,50,000",Brain Surgery,Dr. Manish Rao,4,Cardiac specialist
Andhra Hospitals,Hyderabad,"₹3,00,000",Child Vaccination,Dr. Sneha Rao,4.5,Oncology expert
Omni Hospitals,Visakhapatnam,"₹50,000",Knee Replacement,Dr. Neha Sharma,3.6,Best orthopedic surgeon
Apollo Hospitals,Vijayawada,"₹2,00,000",Child Vaccination,Dr. Sandeep Varma,4.5,Best orthopedic surgeon
Apollo Hospitals,Nellore,"₹80,000",Knee Replacement,Dr. Arjun Dev,3.6,Best neurologist
KIMS Hospitals,Vijayawada,"₹3,00,000",Ear Surgery,Dr. Ramesh Kumar,4.7,Pediatric specialist
Andhra Hospitals,Visakhapatnam,"₹80,000",Knee Replacement,Dr. Meera Joshi,4.9,ENT Specialist
Rainbow Hospitals,Hyderabad,"₹3,00,000",Appendix Surgery,Dr. Sneha Rao,4.8,Best neurologist
Sunshine Hospitals,Nellore,"₹50,000",Skin Treatment,Dr. Anand Sharma,4,Best neurologist
Aayush Hospitals,Rajahmundry,"₹1,00,000",C-Section Delivery,Dr. Neha Sharma,4.7,ENT Specialist
KIMS Hospitals,Visakhapatnam,"₹50,000",C-Section Delivery,Dr. Sandeep Varma,4.6,Best neurologist
KIMS Hospitals,Guntur,"₹2,00,000",Chemotherapy,Dr. Sandeep Varma,4.6,Pediatric specialist
Manipal Hospitals,Vijayawada,"₹1,00,000",Angioplasty,Dr. Ramesh Kumar,5,Cardiac specialist
Omni Hospitals,Kakinada,"₹50,000",C-Section Delivery,Dr. Ramesh Kumar,4.2,ENT Specialist
Aayush Hospitals,Guntur,"₹5,00,000",Skin Treatment,Dr. Priya Menon,4,ENT Specialist
Kamineni Hospitals,Rajahmundry,"₹3,00,000",Appendix Surgery,Dr. Kavitha Reddy,4.7,Oncology expert
Rainbow Hospitals,Kakinada,"₹1,00,000",Brain Surgery,Dr. Manish Rao,4.1,Expert in cardiology
Rainbow Hospitals,Kakinada,"₹1,50,000",C-Section Delivery,Dr. Arjun Dev,3.7,Best orthopedic surgeon
Care Hospitals,Visakhapatnam,"₹1,50,000",Appendix Surgery,Dr. Arjun Dev,3.5,Best orthopedic surgeon
Apollo Hospitals,Guntur,"₹3,00,000",C-Section Delivery,Dr. Arjun Dev,4.5,ENT Specialist
Manipal Hospitals,Rajahmundry,"₹5,00,000",Chemotherapy,Dr. Priya Menon,4.8,Oncology expert
Rainbow Hospitals,Guntur,"₹2,00,000",Ear Surgery,Dr. Manish Rao,3.7,Best neurologist
Care Hospitals,Nellore,"₹3,00,000",Child Vaccination,Dr. Sneha Rao,4.4,Expert in cardiology
Kamineni Hospitals,Hyderabad,"₹3,00,000",Skin Treatment,Dr. Ramesh Kumar,4.9,Best neurologist
Andhra Hospitals,Vijayawada,"₹1,50,000",C-Section Delivery,Dr. Manish Rao,3.7,Experienced general surgeon
KIMS Hospitals,Rajahmundry,"₹1,00,000",Skin Treatment,Dr. Arjun Dev,3.9,Best orthopedic surgeon
Andhra Hospitals,Guntur,"₹2,00,000",Skin Treatment,Dr. Kavitha Reddy,4.9,Pediatric specialist
Apollo Hospitals,Vijayawada,"₹50,000",Skin Treatment,Dr. Sneha Rao,4,ENT Specialist
Andhra Hospitals,Kakinada,"₹5,00,000",Skin Treatment,Dr. Meera Joshi,4.6,ENT Specialist
KIMS Hospitals,Kakinada,"₹1,00,000",Appendix Surgery,Dr. Meera Joshi,4.5,Oncology expert
Aayush Hospitals,Nellore,"₹2,00,000",Chemotherapy,Dr. Sneha Rao,4.9,Best neurologist
Kamineni Hospitals,Nellore,"₹1,00,000",Appendix Surgery,Dr. Manish Rao,3.8,Best neurologist
Andhra Hospitals,Kakinada,"₹3,00,000",Ear Surgery,Dr. Sneha Rao,3.9,ENT Specialist
Aayush Hospitals,Rajahmundry,"₹1,00,000",C-Section Delivery,Dr. Priya Menon,5,Best orthopedic surgeon
Sunshine Hospitals,Visakhapatnam,"₹1,00,000",Brain Surgery,Dr. Ramesh Kumar,4.6,Best orthopedic surgeon
KIMS Hospitals,Rajahmundry,"₹2,00,000",Skin Treatment,Dr. Sneha Rao,4.4,Experienced general surgeon
Andhra Hospitals,Hyderabad,"₹5,00,000",Chemotherapy,Dr. Anand Sharma,3.6,Best orthopedic surgeon
Sunshine Hospitals,Kakinada,"₹2,00,000",Angioplasty,Dr. Sneha Rao,4.2,Expert in cardiology
Omni Hospitals,Hyderabad,"₹80,000",C-Section Delivery,Dr. Ramesh Kumar,4.9,Experienced general surgeon
Sunshine Hospitals,Visakhapatnam,"₹2,00,000",Child Vaccination,Dr. Meera Joshi,4.1,Pediatric specialist
Omni Hospitals,Rajahmundry,"₹50,000",Child Vaccination,Dr. Arjun Dev,4.8,Expert in cardiology
Kamineni Hospitals,Nellore,"₹3,00,000",C-Section Delivery,Dr. Anand Sharma,4.3,Top gynecologist
KIMS Hospitals,Nellore,"₹2,00,000",Skin Treatment,Dr. Arjun Dev,3.7,Top gynecologist
Rainbow Hospitals,Hyderabad,"₹80,000",Angioplasty,Dr. Sneha Rao,4.6,Experienced general surgeon
Sunshine Hospitals,Visakhapatnam,"₹50,000",Knee Replacement,Dr. Neha Sharma,4.3,Renowned dermatologist
Care Hospitals,Vijayawada,"₹2,00,000",Appendix Surgery,Dr. Kavitha Reddy,4.9,Expert in cardiology
KIMS Hospitals,Visakhapatnam,"₹1,50,000",Angioplasty,Dr. Meera Joshi,4,Expert in cardiology
Andhra Hospitals,Rajahmundry,"₹50,000",Ear Surgery,Dr. Anand Sharma,4.1,Experienced general surgeon
Andhra Hospitals,Tirupati,"₹80,000",Child Vaccination,Dr. Arjun Dev,4.6,Best neurologist
Omni Hospitals,Vijayawada,"₹3,00,000",Chemotherapy,Dr. Meera Joshi,3.9,Renowned dermatologist
Sunshine Hospitals,Rajahmundry,"₹2,00,000",Brain Surgery,Dr. Anand Sharma,3.8,Expert in cardiology
Kamineni Hospitals,Nellore,"₹3,00,000",Skin Treatment,Dr. Neha Sharma,4.7,Top gynecologist
Care Hospitals,Visakhapatnam,"₹1,00,000",Angioplasty,Dr. Neha Sharma,4.6,Oncology expert
Kamineni Hospitals,Vijayawada,"₹50,000",Ear Surgery,Dr. Priya Menon,3.7,Best orthopedic surgeon
Aayush Hospitals,Tirupati,"₹1,50,000",Child Vaccination,Dr. Arjun Dev,3.8,Best neurologist
Aayush Hospitals,Vijayawada,"₹1,50,000",Chemotherapy,Dr. Sneha Rao,4.7,Best neurologist
KIMS Hospitals,Tirupati,"₹1,50,000",C-Section Delivery,Dr. Meera Joshi,4,Cardiac specialist
Care Hospitals,Kakinada,"₹1,00,000",Knee Replacement,Dr. Arjun Dev,3.8,Oncology expert
KIMS Hospitals,Visakhapatnam,"₹80,000",Knee Replacement,Dr. Anand Sharma,3.6,Pediatric specialist
Rainbow Hospitals,Rajahmundry,"₹2,00,000",C-Section Delivery,Dr. Anand Sharma,4.7,Cardiac specialist
Rainbow Hospitals,Vijayawada,"₹80,000",Chemotherapy,Dr. Meera Joshi,3.7,Experienced general surgeon
Andhra Hospitals,Rajahmundry,"₹1,00,000",Chemotherapy,Dr. Meera Joshi,3.6,Best neurologist
Andhra Hospitals,Guntur,"₹3,00,000",Skin Treatment,Dr. Meera Joshi,4.5,Oncology expert
Kamineni Hospitals,Nellore,"₹1,50,000",Chemotherapy,Dr. Anand Sharma,3.6,Experienced general surgeon
Sunshine Hospitals,Rajahmundry,"₹5,00,000",Chemotherapy,Dr. Priya Menon,4.3,ENT Specialist
Andhra Hospitals,Rajahmundry,"₹5,00,000",Brain Surgery,Dr. Ramesh Kumar,3.6,Expert in cardiology
Manipal Hospitals,Visakhapatnam,"₹1,00,000",Ear Surgery,Dr. Anand Sharma,3.8,Best neurologist
Omni Hospitals,Kakinada,"₹1,00,000",Ear Surgery,Dr. Manish Rao,3.9,Top gynecologist
Rainbow Hospitals,Tirupati,"₹2,00,000",Brain Surgery,Dr. Neha Sharma,3.7,Experienced general surgeon
KIMS Hospitals,Guntur,"₹2,00,000",Angioplasty,Dr. Neha Sharma,4.8,Best neurologist
Care Hospitals,Rajahmundry,"₹5,00,000",Ear Surgery,Dr. Manish Rao,4.1,ENT Specialist
Andhra Hospitals,Visakhapatnam,"₹50,000",Child Vaccination,Dr. Priya Menon,5,ENT Specialist
Andhra Hospitals,Nellore,"₹80,000",C-Section Delivery,Dr. Anand Sharma,4.4,Oncology expert
Care Hospitals,Nellore,"₹80,000",Heart Bypass Surgery,Dr. Manish Rao,3.9,ENT Specialist
Andhra Hospitals,Hyderabad,"₹1,00,000",Ear Surgery,Dr. Neha Sharma,4.2,Top gynecologist
Aayush Hospitals,Kakinada,"₹50,000",Skin Treatment,Dr. Sneha Rao,4.6,Renowned dermatologist
KIMS Hospitals,Kakinada,"₹5,00,000",Child Vaccination,Dr. Manish Rao,4.1,Best orthopedic surgeon
Omni Hospitals,Vijayawada,"₹5,00,000",Brain Surgery,Dr. Meera Joshi,4.1,Best neurologist
Aayush Hospitals,Nellore,"₹5,00,000",Skin Treatment,Dr. Sneha Rao,4.1,Oncology expert
Rainbow Hospitals,Nellore,"₹80,000",Angioplasty,Dr. Sneha Rao,4.8,Top gynecologist
KIMS Hospitals,Nellore,"₹50,000",Appendix Surgery,Dr. Arjun Dev,4,ENT Specialist
Andhra Hospitals,Nellore,"₹5,00,000",Chemotherapy,Dr. Kavitha Reddy,4.1,Oncology expert
Omni Hospitals,Visakhapatnam,"₹5,00,000",Knee Replacement,Dr. Meera Joshi,4.3,Expert in cardiology
Andhra Hospitals,Kakinada,"₹5,00,000",Heart Bypass Surgery,Dr. Priya Menon,4.9,Experienced general surgeon
Manipal Hospitals,Visakhapatnam,"₹1,50,000",Child Vaccination,Dr. Ramesh Kumar,3.9,Best neurologist
Sunshine Hospitals,Hyderabad,"₹50,000",Ear Surgery,Dr. Manish Rao,4.3,Best neurologist
Kamineni Hospitals,Visakhapatnam,"₹1,50,000",Child Vaccination,Dr. Anand Sharma,4,Oncology expert
Omni Hospitals,Rajahmundry,"₹2,00,000",Angioplasty,Dr. Kavitha Reddy,4,Best orthopedic surgeon
Rainbow Hospitals,Kakinada,"₹50,000",Skin Treatment,Dr. Arjun Dev,3.9,Expert in cardiology
Aayush Hospitals,Visakhapatnam,"₹80,000",Angioplasty,Dr. Sandeep Varma,4.8,Pediatric specialist
Care Hospitals,Rajahmundry,"₹80,000",Appendix Surgery,Dr. Kavitha Reddy,3.7,ENT Specialist
Aayush Hospitals,Tirupati,"₹80,000",Skin Treatment,Dr. Ramesh Kumar,3.9,ENT Specialist
KIMS Hospitals,Guntur,"₹1,50,000",C-Section Delivery,Dr. Ramesh Kumar,4.6,Best neurologist
KIMS Hospitals,Kakinada,"₹1,50,000",Appendix Surgery,Dr. Arjun Dev,4,Top gynecologist
Kamineni Hospitals,Visakhapatnam,"₹1,00,000",C-Section Delivery,Dr. Meera Joshi,4.9,Best neurologist
Manipal Hospitals,Nellore,"₹80,000",Appendix Surgery,Dr. Sneha Rao,4.6,Expert in cardiology
Aayush Hospitals,Rajahmundry,"₹5,00,000",Chemotherapy,Dr. Priya Menon,3.6,Oncology expert
Apollo Hospitals,Nellore,"₹1,00,000",Appendix Surgery,Dr. Arjun Dev,4.4,Expert in cardiology
Kamineni Hospitals,Tirupati,"₹2,00,000",Chemotherapy,Dr. Arjun Dev,4.5,Best orthopedic surgeon
Manipal Hospitals,Guntur,"₹5,00,000",Chemotherapy,Dr. Sandeep Varma,4.2,Oncology expert
Rainbow Hospitals,Kakinada,"₹5,00,000",Brain Surgery,Dr. Kavitha Reddy,4.3,Renowned dermatologist
Rainbow Hospitals,Rajahmundry,"₹1,50,000",Brain Surgery,Dr. Ramesh Kumar,4.9,Oncology expert
Aayush Hospitals,Guntur,"₹2,00,000",Child Vaccination,Dr. Arjun Dev,4.5,Best orthopedic surgeon
Sunshine Hospitals,Kakinada,"₹5,00,000",Ear Surgery,Dr. Sneha Rao,4,Experienced general surgeon
Andhra Hospitals,Kakinada,"₹50,000",Skin Treatment,Dr. Kavitha Reddy,3.5,Pediatric specialist
Omni Hospitals,Guntur,"₹1,50,000",Child Vaccination,Dr. Arjun Dev,4.1,Pediatric specialist
Apollo Hospitals,Nellore,"₹80,000",Heart Bypass Surgery,Dr. Sneha Rao,4.8,Best orthopedic surgeon
Apollo Hospitals,Tirupati,"₹1,50,000",C-Section Delivery,Dr. Kavitha Reddy,3.9,Top gynecologist
Rainbow Hospitals,Hyderabad,"₹80,000",Brain Surgery,Dr. Arjun Dev,4.2,Renowned dermatologist
Omni Hospitals,Hyderabad,"₹80,000",Child Vaccination,Dr. Sandeep Varma,4.4,Top gynecologist
Sunshine Hospitals,Nellore,"₹2,00,000",Chemotherapy,Dr. Kavitha Reddy,3.5,Best neurologist
Apollo Hospitals,Tirupati,"₹1,00,000",Knee Replacement,Dr. Sandeep Varma,4.9,Experienced general surgeon
Care Hospitals,Vijayawada,"₹1,00,000",Ear Surgery,Dr. Ramesh Kumar,4.2,Renowned dermatologist
KIMS Hospitals,Guntur,"₹1,50,000",Skin Treatment,Dr. Ramesh Kumar,4.1,Renowned dermatologist
Sunshine Hospitals,Rajahmundry,"₹3,00,000",Child Vaccination,Dr. Neha Sharma,4.1,Expert in cardiology
Apollo Hospitals,Vijayawada,"₹2,00,000",Child Vaccination,Dr. Priya Menon,4.5,Experienced general surgeon
Rainbow Hospitals,Kakinada,"₹5,00,000",Angioplasty,Dr. Ramesh Kumar,4.1,Oncology expert
Manipal Hospitals,Nellore,"₹2,00,000",Brain Surgery,Dr. Priya Menon,4.3,Expert in cardiology
Kamineni Hospitals,Kakinada,"₹5,00,000",C-Section Delivery,Dr. Sneha Rao,4.9,Best neurologist
Rainbow Hospitals,Tirupati,"₹3,00,000",Child Vaccination,Dr. Meera Joshi,3.9,Top gynecologist
Sunshine Hospitals,Hyderabad,"₹2,00,000",Chemotherapy,Dr. Kavitha Reddy,4.6,Best neurologist
Care Hospitals,Tirupati,"₹2,00,000",Skin Treatment,Dr. Ramesh Kumar,4.2,Best neurologist
Care Hospitals,Nellore,"₹80,000",Appendix Surgery,Dr. Meera Joshi,4.8,Pediatric specialist
Andhra Hospitals,Guntur,"₹3,00,000",C-Section Delivery,Dr. Sandeep Varma,4.4,Best orthopedic surgeon
Apollo Hospitals,Rajahmundry,"₹50,000",Ear Surgery,Dr. Priya Menon,3.8,ENT Specialist
Sunshine Hospitals,Visakhapatnam,"₹5,00,000",Skin Treatment,Dr. Sandeep Varma,3.5,Renowned dermatologist
Care Hospitals,Hyderabad,"₹1,00,000",Skin Treatment,Dr. Kavitha Reddy,4.5,ENT Specialist
Rainbow Hospitals,Guntur,"₹1,50,000",Appendix Surgery,Dr. Priya Menon,4.6,ENT Specialist
Care Hospitals,Nellore,"₹3,00,000",Skin Treatment,Dr. Priya Menon,3.5,Cardiac specialist
Andhra Hospitals,Nellore,"₹2,00,000",Appendix Surgery,Dr. Neha Sharma,3.7,Best neurologist
Apollo Hospitals,Tirupati,"₹2,00,000",Heart Bypass Surgery,Dr. Neha Sharma,3.6,Best orthopedic surgeon
Care Hospitals,Rajahmundry,"₹1,00,000",Skin Treatment,Dr. Manish Rao,4.4,Top gynecologist
Rainbow Hospitals,Kakinada,"₹80,000",Appendix Surgery,Dr. Manish Rao,4.4,Top gynecologist
KIMS Hospitals,Kakinada,"₹80,000",C-Section Delivery,Dr. Sneha Rao,3.6,Best orthopedic surgeon
Manipal Hospitals,Kakinada,"₹1,50,000",Child Vaccination,Dr. Sandeep Varma,4.9,Cardiac specialist
Andhra Hospitals,Hyderabad,"₹80,000",Heart Bypass Surgery,Dr. Sandeep Varma,4,Cardiac specialist
Rainbow Hospitals,Vijayawada,"₹80,000",Heart Bypass Surgery,Dr. Neha Sharma,4.4,Pediatric specialist
Andhra Hospitals,Rajahmundry,"₹80,000",Ear Surgery,Dr. Ramesh Kumar,4.9,Renowned dermatologist
Omni Hospitals,Nellore,"₹5,00,000",Angioplasty,Dr. Priya Menon,4.5,Pediatric specialist
Andhra Hospitals,Guntur,"₹3,00,000",Skin Treatment,Dr. Anand Sharma,4.6,Cardiac specialist
Kamineni Hospitals,Tirupati,"₹3,00,000",C-Section Delivery,Dr. Kavitha Reddy,3.7,Experienced general surgeon
Rainbow Hospitals,Tirupati,"₹1,50,000",Child Vaccination,Dr. Meera Joshi,3.5,Renowned dermatologist
Apollo Hospitals,Kakinada,"₹1,50,000",Angioplasty,Dr. Ramesh Kumar,4.6,Cardiac specialist
Kamineni Hospitals,Nellore,"₹1,50,000",Knee Replacement,Dr. Neha Sharma,3.9,Experienced general surgeon
Rainbow Hospitals,Visakhapatnam,"₹50,000",Child Vaccination,Dr. Sneha Rao,4.5,Pediatric specialist
Aayush Hospitals,Nellore,"₹3,00,000",Skin Treatment,Dr. Sneha Rao,4.6,Top gynecologist
Care Hospitals,Vijayawada,"₹1,00,000",Angioplasty,Dr. Anand Sharma,4.6,Pediatric specialist
Manipal Hospitals,Vijayawada,"₹80,000",Chemotherapy,Dr. Kavitha Reddy,4.6,Experienced general surgeon
Omni Hospitals,Visakhapatnam,"₹50,000",Appendix Surgery,Dr. Meera Joshi,3.9,ENT Specialist
Aayush Hospitals,Tirupati,"₹50,000",Brain Surgery,Dr. Priya Menon,4.5,Oncology expert
Manipal Hospitals,Hyderabad,"₹50,000",C-Section Delivery,Dr. Meera Joshi,4.1,Renowned dermatologist
Care Hospitals,Vijayawada,"₹5,00,000",Appendix Surgery,Dr. Sneha Rao,4.7,Cardiac specialist
Andhra Hospitals,Kakinada,"₹2,00,000",Brain Surgery,Dr. Manish Rao,4.3,Top gynecologist
Omni Hospitals,Rajahmundry,"₹5,00,000",Appendix Surgery,Dr. Priya Menon,4,Cardiac specialist
KIMS Hospitals,Hyderabad,"₹80,000",Child Vaccination,Dr. Anand Sharma,4,Top gynecologist
Care Hospitals,Kakinada,"₹3,00,000",Angioplasty,Dr. Neha Sharma,3.6,Cardiac specialist
Sunshine Hospitals,Tirupati,"₹1,50,000",C-Section Delivery,Dr. Sneha Rao,4.5,Expert in cardiology
KIMS Hospitals,Rajahmundry,"₹5,00,000",C-Section Delivery,Dr. Neha Sharma,3.6,Experienced general surgeon
Care Hospitals,Vijayawada,"₹3,00,000",Skin Treatment,Dr. Ramesh Kumar,4.8,Top gynecologist
Kamineni Hospitals,Tirupati,"₹1,50,000",Heart Bypass Surgery,Dr. Anand Sharma,3.9,Oncology expert
Rainbow Hospitals,Guntur,"₹1,50,000",Knee Replacement,Dr. Sandeep Varma,4.4,Best neurologist
Care Hospitals,Vijayawada,"₹1,00,000",Angioplasty,Dr. Neha Sharma,4.8,Pediatric specialist
Care Hospitals,Vijayawada,"₹80,000",Child Vaccination,Dr. Sandeep Varma,4.5,ENT Specialist
KIMS Hospitals,Nellore,"₹50,000",Heart Bypass Surgery,Dr. Sandeep Varma,3.8,Expert in cardiology
Manipal Hospitals,Kakinada,"₹1,50,000",Ear Surgery,Dr. Manish Rao,4.9,ENT Specialist
Manipal Hospitals,Kakinada,"₹50,000",Heart Bypass Surgery,Dr. Ramesh Kumar,4.7,Top gynecologist
Aayush Hospitals,Nellore,"₹3,00,000",Appendix Surgery,Dr. Sneha Rao,4.9,Cardiac specialist
Andhra Hospitals,Vijayawada,"₹80,000",Child Vaccination,Dr. Sneha Rao,5,Renowned dermatologist
Care Hospitals,Hyderabad,"₹80,000",Chemotherapy,Dr. Arjun Dev,4.6,Best neurologist
Aayush Hospitals,Kakinada,"₹80,000",C-Section Delivery,Dr. Anand Sharma,4.3,Pediatric specialist
Rainbow Hospitals,Tirupati,"₹2,00,000",Brain Surgery,Dr. Sandeep Varma,3.6,Best neurologist
Care Hospitals,Kakinada,"₹5,00,000",Heart Bypass Surgery,Dr. Kavitha Reddy,4.9,Pediatric specialist
Sunshine Hospitals,Vijayawada,"₹1,00,000",Knee Replacement,Dr. Sandeep Varma,3.7,Best neurologist
Manipal Hospitals,Visakhapatnam,"₹2,00,000",Ear Surgery,Dr. Sneha Rao,3.7,Oncology expert
Omni Hospitals,Guntur,"₹50,000",Appendix Surgery,Dr. Arjun Dev,4.6,Cardiac specialist
Aayush Hospitals,Rajahmundry,"₹80,000",Ear Surgery,Dr. Kavitha Reddy,3.6,Pediatric specialist
KIMS Hospitals,Nellore,"₹3,00,000",Child Vaccination,Dr. Ramesh Kumar,4.7,Best orthopedic surgeon
Apollo Hospitals,Rajahmundry,"₹2,00,000",Skin Treatment,Dr. Ramesh Kumar,3.5,Renowned dermatologist
Andhra Hospitals,Rajahmundry,"₹3,00,000",Ear Surgery,Dr. Neha Sharma,4.6,Top gynecologist
Sunshine Hospitals,Vijayawada,"₹1,00,000",Knee Replacement,Dr. Sandeep Varma,4,Best neurologist
Care Hospitals,Vijayawada,"₹3,00,000",Ear Surgery,Dr. Ramesh Kumar,4.4,Experienced general surgeon
Aayush Hospitals,Hyderabad,"₹80,000",Angioplasty,Dr. Neha Sharma,4.8,Pediatric specialist
Apollo Hospitals,Tirupati,"₹80,000",Ear Surgery,Dr. Meera Joshi,4.1,Pediatric specialist
Rainbow Hospitals,Tirupati,"₹5,00,000",Ear Surgery,Dr. Anand Sharma,4.1,Renowned dermatologist
Omni Hospitals,Visakhapatnam,"₹50,000",Ear Surgery,Dr. Ramesh Kumar,3.6,Best orthopedic surgeon
Aayush Hospitals,Rajahmundry,"₹2,00,000",C-Section Delivery,Dr. Anand Sharma,4.4,Cardiac specialist
Sunshine Hospitals,Rajahmundry,"₹80,000",Knee Replacement,Dr. Anand Sharma,3.9,Pediatric specialist
Andhra Hospitals,Nellore,"₹5,00,000",Angioplasty,Dr. Sandeep Varma,3.7,ENT Specialist
Kamineni Hospitals,Visakhapatnam,"₹1,00,000",C-Section Delivery,Dr. Sandeep Varma,4.1,Cardiac specialist
Aayush Hospitals,Tirupati,"₹5,00,000",Heart Bypass Surgery,Dr. Sneha Rao,4.3,Best neurologist
KIMS Hospitals,Hyderabad,"₹5,00,000",Angioplasty,Dr. Neha Sharma,4.7,Renowned dermatologist
Andhra Hospitals,Rajahmundry,"₹1,50,000",Skin Treatment,Dr. Anand Sharma,4.5,Best orthopedic surgeon
Apollo Hospitals,Visakhapatnam,"₹2,00,000",Ear Surgery,Dr. Priya Menon,3.9,Top gynecologist
Andhra Hospitals,Hyderabad,"₹1,50,000",Angioplasty,Dr. Neha Sharma,3.9,Expert in cardiology
Sunshine Hospitals,Guntur,"₹3,00,000",Angioplasty,Dr. Manish Rao,4,Renowned dermatologist
Rainbow Hospitals,Vijayawada,"₹1,50,000",Ear Surgery,Dr. Meera Joshi,4.2,Best orthopedic surgeon
Apollo Hospitals,Visakhapatnam,"₹1,00,000",Heart Bypass Surgery,Dr. Priya Menon,3.8,Renowned dermatologist
Sunshine Hospitals,Vijayawada,"₹2,00,000",Ear Surgery,Dr. Ramesh Kumar,4.2,Expert in cardiology
Sunshine Hospitals,Visakhapatnam,"₹1,50,000",Brain Surgery,Dr. Sneha Rao,4.4,ENT Specialist
Apollo Hospitals,Tirupati,"₹50,000",Ear Surgery,Dr. Meera Joshi,4.7,Best neurologist
Sunshine Hospitals,Kakinada,"₹2,00,000",Chemotherapy,Dr. Manish Rao,4.3,Cardiac specialist
KIMS Hospitals,Vijayawada,"₹1,00,000",Chemotherapy,Dr. Anand Sharma,4.4,Top gynecologist
Omni Hospitals,Guntur,"₹1,00,000",Brain Surgery,Dr. Manish Rao,3.5,Top gynecologist
Apollo Hospitals,Rajahmundry,"₹2,00,000",Heart Bypass Surgery,Dr. Arjun Dev,3.6,Top gynecologist
KIMS Hospitals,Rajahmundry,"₹50,000",Appendix Surgery,Dr. Priya Menon,3.9,Cardiac specialist
Manipal Hospitals,Guntur,"₹3,00,000",C-Section Delivery,Dr. Manish Rao,4.7,Best orthopedic surgeon
Sunshine Hospitals,Visakhapatnam,"₹3,00,000",Ear Surgery,Dr. Sandeep Varma,3.6,ENT Specialist
Aayush Hospitals,Kakinada,"₹1,50,000",Skin Treatment,Dr. Arjun Dev,4.9,Renowned dermatologist
Omni Hospitals,Kakinada,"₹3,00,000",Ear Surgery,Dr. Sandeep Varma,4.5,Oncology expert
Kamineni Hospitals,Nellore,"₹1,00,000",Brain Surgery,Dr. Arjun Dev,4.1,Cardiac specialist
Omni Hospitals,Rajahmundry,"₹50,000",Child Vaccination,Dr. Manish Rao,4.1,Expert in cardiology
Manipal Hospitals,Guntur,"₹3,00,000",Brain Surgery,Dr. Kavitha Reddy,5,Pediatric specialist
Kamineni Hospitals,Nellore,"₹80,000",Angioplasty,Dr. Arjun Dev,5,Renowned dermatologist
Care Hospitals,Tirupati,"₹1,50,000",Heart Bypass Surgery,Dr. Arjun Dev,3.7,Renowned dermatologist
Kamineni Hospitals,Vijayawada,"₹1,50,000",Child Vaccination,Dr. Sneha Rao,3.7,Best orthopedic surgeon
Care Hospitals,Visakhapatnam,"₹2,00,000",Ear Surgery,Dr. Arjun Dev,4.5,Pediatric specialist
Apollo Hospitals,Guntur,"₹1,00,000",Chemotherapy,Dr. Kavitha Reddy,5,Oncology expert
Omni Hospitals,Vijayawada,"₹80,000",Knee Replacement,Dr. Neha Sharma,4.5,Pediatric specialist
Aayush Hospitals,Nellore,"₹50,000",Chemotherapy,Dr. Neha Sharma,3.5,Expert in cardiology
Manipal Hospitals,Rajahmundry,"₹2,00,000",Chemotherapy,Dr. Kavitha Reddy,4.9,Best orthopedic surgeon
Sunshine Hospitals,Guntur,"₹80,000",Heart Bypass Surgery,Dr. Sneha Rao,4.7,Expert in cardiology
Apollo Hospitals,Visakhapatnam,"₹1,50,000",Chemotherapy,Dr. Ramesh Kumar,4.9,Expert in cardiology
Sunshine Hospitals,Tirupati,"₹1,50,000",Angioplasty,Dr. Anand Sharma,4.1,Top gynecologist
Sunshine Hospitals,Tirupati,"₹2,00,000",Heart Bypass Surgery,Dr. Neha Sharma,4.8,Expert in cardiology
Andhra Hospitals,Hyderabad,"₹3,00,000",Appendix Surgery,Dr. Arjun Dev,4.4,Cardiac specialist
KIMS Hospitals,Visakhapatnam,"₹1,00,000",Knee Replacement,Dr. Priya Menon,3.6,Cardiac specialist
Omni Hospitals,Vijayawada,"₹2,00,000",Chemotherapy,Dr. Kavitha Reddy,4.2,ENT Specialist
Manipal Hospitals,Guntur,"₹80,000",Heart Bypass Surgery,Dr. Ramesh Kumar,5,Renowned dermatologist
Sunshine Hospitals,Vijayawada,"₹1,50,000",Appendix Surgery,Dr. Meera Joshi,3.6,Oncology expert
Care Hospitals,Kakinada,"₹1,50,000",Knee Replacement,Dr. Arjun Dev,3.5,Top gynecologist
Manipal Hospitals,Nellore,"₹3,00,000",Knee Replacement,Dr. Neha Sharma,3.8,Best neurologist
KIMS Hospitals,Hyderabad,"₹1,00,000",Appendix Surgery,Dr. Ramesh Kumar,3.6,Top gynecologist
Care Hospitals,Rajahmundry,"₹1,50,000",Heart Bypass Surgery,Dr. Sneha Rao,4.5,Oncology expert
Sunshine Hospitals,Guntur,"₹80,000",Child Vaccination,Dr. Anand Sharma,5,Expert in cardiology
Care Hospitals,Hyderabad,"₹3,00,000",Skin Treatment,Dr. Kavitha Reddy,4.1,Best neurologist
Kamineni Hospitals,Nellore,"₹50,000",Angioplasty,Dr. Neha Sharma,4.2,Oncology expert
Andhra Hospitals,Kakinada,"₹3,00,000",Knee Replacement,Dr. Kavitha Reddy,4.7,Expert in cardiology
Rainbow Hospitals,Hyderabad,"₹1,50,000",Ear Surgery,Dr. Neha Sharma,4.4,Experienced general surgeon
Sunshine Hospitals,Nellore,"₹5,00,000",Angioplasty,Dr. Sandeep Varma,4.1,Pediatric specialist
Aayush Hospitals,Rajahmundry,"₹1,00,000",Brain Surgery,Dr. Sandeep Varma,5,Renowned dermatologist
Aayush Hospitals,Hyderabad,"₹2,00,000",Chemotherapy,Dr. Anand Sharma,4.5,Cardiac specialist
Apollo Hospitals,Vijayawada,"₹1,50,000",Appendix Surgery,Dr. Ramesh Kumar,4.5,Experienced general surgeon
Rainbow Hospitals,Kakinada,"₹5,00,000",Ear Surgery,Dr. Neha Sharma,4.4,Cardiac specialist
Aayush Hospitals,Kakinada,"₹80,000",C-Section Delivery,Dr. Meera Joshi,4.3,Expert in cardiology
Manipal Hospitals,Kakinada,"₹80,000",Chemotherapy,Dr. Ramesh Kumar,3.6,Oncology expert
Kamineni Hospitals,Guntur,"₹1,00,000",Ear Surgery,Dr. Kavitha Reddy,3.9,Best neurologist
Apollo Hospitals,Guntur,"₹1,50,000",Skin Treatment,Dr. Anand Sharma,3.5,Expert in cardiology
Sunshine Hospitals,Guntur,"₹80,000",Skin Treatment,Dr. Sneha Rao,4.8,Oncology expert
Care Hospitals,Visakhapatnam,"₹1,50,000",Heart Bypass Surgery,Dr. Ramesh Kumar,4.2,Cardiac specialist
Omni Hospitals,Hyderabad,"₹80,000",Brain Surgery,Dr. Arjun Dev,4.5,Top gynecologist
Care Hospitals,Kakinada,"₹5,00,000",Knee Replacement,Dr. Priya Menon,3.6,Pediatric specialist
Care Hospitals,Kakinada,"₹50,000",Child Vaccination,Dr. Priya Menon,3.8,Oncology expert
Kamineni Hospitals,Kakinada,"₹1,50,000",Brain Surgery,Dr. Sneha Rao,4.7,Cardiac specialist
Rainbow Hospitals,Rajahmundry,"₹1,50,000",Child Vaccination,Dr. Anand Sharma,4.7,Expert in cardiology
Andhra Hospitals,Rajahmundry,"₹5,00,000",C-Section Delivery,Dr. Kavitha Reddy,4.2,Cardiac specialist
Kamineni Hospitals,Vijayawada,"₹2,00,000",Heart Bypass Surgery,Dr. Sandeep Varma,4,Cardiac specialist
Omni Hospitals,Hyderabad,"₹80,000",Appendix Surgery,Dr. Priya Menon,3.6,Experienced general surgeon
Rainbow Hospitals,Visakhapatnam,"₹50,000",Knee Replacement,Dr. Manish Rao,4,Oncology expert
Omni Hospitals,Rajahmundry,"₹50,000",Ear Surgery,Dr. Meera Joshi,3.9,Experienced general surgeon
Omni Hospitals,Visakhapatnam,"₹80,000",Appendix Surgery,Dr. Meera Joshi,4,ENT Specialist
Apollo Hospitals,Hyderabad,"₹5,00,000",Skin Treatment,Dr. Manish Rao,3.8,Top gynecologist
Manipal Hospitals,Vijayawada,"₹3,00,000",Child Vaccination,Dr. Sandeep Varma,4.7,Expert in cardiology
Care Hospitals,Kakinada,"₹3,00,000",Ear Surgery,Dr. Anand Sharma,3.8,Cardiac specialist
Andhra Hospitals,Rajahmundry,"₹1,50,000",Chemotherapy,Dr. Sneha Rao,4.7,Experienced general surgeon
Omni Hospitals,Tirupati,"₹1,50,000",Child Vaccination,Dr. Sneha Rao,4.2,Oncology expert
Care Hospitals,Rajahmundry,"₹2,00,000",C-Section Delivery,Dr. Sneha Rao,5,Pediatric specialist
Manipal Hospitals,Hyderabad,"₹1,50,000",Child Vaccination,Dr. Manish Rao,3.6,ENT Specialist
Aayush Hospitals,Hyderabad,"₹1,50,000",Appendix Surgery,Dr. Sandeep Varma,4.5,Renowned dermatologist
Apollo Hospitals,Rajahmundry,"₹50,000",Appendix Surgery,Dr. Sneha Rao,3.9,ENT Specialist
Kamineni Hospitals,Nellore,"₹80,000",Chemotherapy,Dr. Sneha Rao,4.4,Expert in cardiology
KIMS Hospitals,Kakinada,"₹3,00,000",C-Section Delivery,Dr. Priya Menon,4.5,Oncology expert
Care Hospitals,Rajahmundry,"₹5,00,000",Ear Surgery,Dr. Neha Sharma,3.8,Renowned dermatologist
Kamineni Hospitals,Hyderabad,"₹2,00,000",Skin Treatment,Dr. Priya Menon,3.5,Best orthopedic surgeon
Apollo Hospitals,Visakhapatnam,"₹50,000",Angioplasty,Dr. Sneha Rao,4.1,Renowned dermatologist
Manipal Hospitals,Vijayawada,"₹1,00,000",Chemotherapy,Dr. Ramesh Kumar,4.1,Expert in cardiology
Manipal Hospitals,Rajahmundry,"₹50,000",Skin Treatment,Dr. Neha Sharma,3.5,Experienced general surgeon
Apollo Hospitals,Rajahmundry,"₹2,00,000",C-Section Delivery,Dr. Sneha Rao,4.6,Expert in cardiology
KIMS Hospitals,Hyderabad,"₹2,00,000",Chemotherapy,Dr. Ramesh Kumar,4.5,Pediatric specialist
Sunshine Hospitals,Guntur,"₹1,00,000",Knee Replacement,Dr. Arjun Dev,4.8,Renowned dermatologist
Kamineni Hospitals,Kakinada,"₹1,50,000",Chemotherapy,Dr. Sneha Rao,4.1,Experienced general surgeon
Manipal Hospitals,Rajahmundry,"₹1,00,000",Appendix Surgery,Dr. Neha Sharma,4.2,Pediatric specialist
Kamineni Hospitals,Kakinada,"₹1,00,000",Child Vaccination,Dr. Kavitha Reddy,4.8,Top gynecologist
Care Hospitals,Hyderabad,"₹1,00,000",Ear Surgery,Dr. Priya Menon,3.8,Best neurologist
Aayush Hospitals,Kakinada,"₹50,000",C-Section Delivery,Dr. Priya Menon,4.9,Expert in cardiology
Aayush Hospitals,Kakinada,"₹5,00,000",Appendix Surgery,Dr. Sneha Rao,3.8,Pediatric specialist
Omni Hospitals,Tirupati,"₹1,50,000",Skin Treatment,Dr. Neha Sharma,4.3,Expert in cardiology
Andhra Hospitals,Guntur,"₹1,00,000",Brain Surgery,Dr. Anand Sharma,4.1,Top gynecologist
Sunshine Hospitals,Guntur,"₹1,50,000",Heart Bypass Surgery,Dr. Meera Joshi,4.3,Best orthopedic surgeon
Rainbow Hospitals,Rajahmundry,"₹3,00,000",Ear Surgery,Dr. Manish Rao,4,Renowned dermatologist
Care Hospitals,Vijayawada,"₹5,00,000",Brain Surgery,Dr. Neha Sharma,4.2,ENT Specialist
Care Hospitals,Visakhapatnam,"₹1,50,000",Child Vaccination,Dr. Meera Joshi,4.6,Cardiac specialist
Sunshine Hospitals,Nellore,"₹5,00,000",Appendix Surgery,Dr. Meera Joshi,4,Pediatric specialist
Care Hospitals,Vijayawada,"₹80,000",Child Vaccination,Dr. Kavitha Reddy,4,ENT Specialist
Sunshine Hospitals,Vijayawada,"₹80,000",Brain Surgery,Dr. Sandeep Varma,4.6,Experienced general surgeon
Care Hospitals,Tirupati,"₹80,000",Appendix Surgery,Dr. Kavitha Reddy,3.8,Renowned dermatologist
KIMS Hospitals,Guntur,"₹1,00,000",Skin Treatment,Dr. Sandeep Varma,3.8,Best neurologist
KIMS Hospitals,Kakinada,"₹50,000",Heart Bypass Surgery,Dr. Manish Rao,4.5,Best neurologist
Kamineni Hospitals,Rajahmundry,"₹2,00,000",Appendix Surgery,Dr. Neha Sharma,4.3,Best neurologist
Manipal Hospitals,Tirupati,"₹5,00,000",Skin Treatment,Dr. Sandeep Varma,4.2,Pediatric specialist
Apollo Hospitals,Hyderabad,"₹5,00,000",Chemotherapy,Dr. Kavitha Reddy,4.2,ENT Specialist
Sunshine Hospitals,Tirupati,"₹2,00,000",Knee Replacement,Dr. Ramesh Kumar,4.4,ENT Specialist
Sunshine Hospitals,Vijayawada,"₹3,00,000",Child Vaccination,Dr. Arjun Dev,4,Top gynecologist
Rainbow Hospitals,Hyderabad,"₹1,00,000",Ear Surgery,Dr. Meera Joshi,4.1,Pediatric specialist
Rainbow Hospitals,Tirupati,"₹1,50,000",Chemotherapy,Dr. Neha Sharma,5,Cardiac specialist
Manipal Hospitals,Guntur,"₹2,00,000",Heart Bypass Surgery,Dr. Arjun Dev,4.8,Oncology expert
Apollo Hospitals,Vijayawada,"₹1,00,000",Skin Treatment,Dr. Sandeep Varma,4,Experienced general surgeon
Aayush Hospitals,Kakinada,"₹3,00,000",Appendix Surgery,Dr. Anand Sharma,3.7,Best orthopedic surgeon
Andhra Hospitals,Guntur,"₹2,00,000",Heart Bypass Surgery,Dr. Manish Rao,4.1,Expert in cardiology
Kamineni Hospitals,Guntur,"₹1,50,000",Angioplasty,Dr. Ramesh Kumar,3.9,Top gynecologist
Aayush Hospitals,Kakinada,"₹1,00,000",Ear Surgery,Dr. Kavitha Reddy,4.3,Oncology expert
Andhra Hospitals,Hyderabad,"₹50,000",Knee Replacement,Dr. Priya Menon,3.5,Pediatric specialist
Care Hospitals,Guntur,"₹3,00,000",Heart Bypass Surgery,Dr. Neha Sharma,3.6,Best orthopedic surgeon
KIMS Hospitals,Rajahmundry,"₹1,00,000",Heart Bypass Surgery,Dr. Anand Sharma,3.5,ENT Specialist
Omni Hospitals,Visakhapatnam,"₹50,000",Brain Surgery,Dr. Priya Menon,4.9,Top gynecologist
Sunshine Hospitals,Nellore,"₹3,00,000",Child Vaccination,Dr. Arjun Dev,3.5,Cardiac specialist
Aayush Hospitals,Tirupati,"₹2,00,000",Chemotherapy,Dr. Kavitha Reddy,4.3,ENT Specialist
Sunshine Hospitals,Kakinada,"₹80,000",Appendix Surgery,Dr. Ramesh Kumar,4.5,Experienced general surgeon
Kamineni Hospitals,Nellore,"₹5,00,000",Heart Bypass Surgery,Dr. Neha Sharma,3.6,Best neurologist
Sunshine Hospitals,Guntur,"₹2,00,000",Brain Surgery,Dr. Neha Sharma,3.7,Pediatric specialist
Aayush Hospitals,Guntur,"₹5,00,000",Appendix Surgery,Dr. Manish Rao,4.1,ENT Specialist
Kamineni Hospitals,Kakinada,"₹1,50,000",Heart Bypass Surgery,Dr. Meera Joshi,4,Best neurologist
KIMS Hospitals,Rajahmundry,"₹5,00,000",Appendix Surgery,Dr. Sandeep Varma,4.9,Best orthopedic surgeon
Andhra Hospitals,Hyderabad,"₹80,000",Child Vaccination,Dr. Arjun Dev,4.4,Expert in cardiology
Andhra Hospitals,Visakhapatnam,"₹80,000",Appendix Surgery,Dr. Arjun Dev,3.9,Best neurologist
Omni Hospitals,Vijayawada,"₹50,000",Brain Surgery,Dr. Neha Sharma,3.8,Best neurologist
Andhra Hospitals,Kakinada,"₹3,00,000",Appendix Surgery,Dr. Sandeep Varma,5,Cardiac specialist
Rainbow Hospitals,Rajahmundry,"₹2,00,000",C-Section Delivery,Dr. Ramesh Kumar,4.3,Best orthopedic surgeon
Sunshine Hospitals,Kakinada,"₹50,000",Heart Bypass Surgery,Dr. Priya Menon,4.5,Cardiac specialist
Omni Hospitals,Kakinada,"₹3,00,000",Ear Surgery,Dr. Arjun Dev,3.5,Cardiac specialist
Rainbow Hospitals,Tirupati,"₹80,000",Ear Surgery,Dr. Sneha Rao,4.7,Top gynecologist
